Portfolio,Entity,Title,BodyType,URL,glossary_type,glossary_url1,glossary_url2
Defence,AAF Company,AAF Company Annual Report 2023-24,Commonwealth Company,https://www.transparency.gov.au/publications/defence/aaf-company/aaf-company-annual-report-2023-24,none,,
Finance,ASC Pty Ltd,Annual Report 2024,Commonwealth Company,https://www.transparency.gov.au/publications/finance/asc-pty-ltd/annual-report-2024,one,https://www.transparency.gov.au/publications/finance/asc-pty-ltd/annual-report-2024/glossary,
Prime Minister and Cabinet,Aboriginal Hostels Limited,Aboriginal Hostels Limited Annual Report 2023-24,Commonwealth Company,https://www.transparency.gov.au/publications/prime-minister-and-cabinet/aboriginal-hostels-limited/aboriginal-hostels-limited-annual-report-2023-24,none,,
Attorney-General's,Administrative Appeals Tribunal,Administrative Appeals Tribunal Annual Report 2023–24,Non-Corporate Commonwealth Entity,https://www.transparency.gov.au/publications/attorney-general-s/administrative-appeals-tribunal/administrative-appeals-tribunal-annual-report-2023-24,one,https://www.transparency.gov.au/publications/attorney-general-s/administrative-appeals-tribunal/administrative-appeals-tribunal-annual-report-2023-24/glossary,
Health,Aged Care Quality and Safety Commission,Aged Care Quality and Safety Commission Annual Report 2023-2024,Non-Corporate Commonwealth Entity,https://www.transparency.gov.au/publications/health/aged-care-quality-and-safety-commission/aged-care-quality-and-safety-commission-annual-report-2023-2024,one,https://www.transparency.gov.au/publications/health/aged-care-quality-and-safety-commission/aged-care-quality-and-safety-commission-annual-report-2023-2024/glossary-,
"Infrastructure, Transport, Cities and Regional Development",Airservices Australia,Airservices Australia Annual Report 2023–24,Corporate Commonwealth Entity,https://www.transparency.gov.au/publications/infrastructure-transport-cities-and-regional-development/airservices-australia/airservices-australia-annual-report-2023-24,one,https://www.transparency.gov.au/publications/infrastructure-transport-cities-and-regional-development/airservices-australia/airservices-australia-annual-report-2023-24/appendices/appendix-d%3A-acronyms,
Prime Minister and Cabinet,Anindilyakwa Land Council,Anindilyakwa Land Council Annual Report 2023-24 ,Corporate Commonwealth Entity,https://www.transparency.gov.au/publications/prime-minister-and-cabinet/anindilyakwa-land-council/anindilyakwa-land-council-annual-report-2023-24,one,https://www.transparency.gov.au/publications/prime-minister-and-cabinet/anindilyakwa-land-council/anindilyakwa-land-council-annual-report-2023-24/part-1%3A-introduction-to-this-report/1.02-acronyms,
Defence,Army and Air Force Canteen Service,AAFCANS - Army & Air Force Canteen Service,Corporate Commonwealth Entity,https://www.transparency.gov.au/publications/defence/army-and-air-force-canteen-service/aafcans-army-air-force-canteen-service,one,https://www.transparency.gov.au/publications/defence/army-and-air-force-canteen-service/aafcans-army-air-force-canteen-service/appendix-4%3A-terms-and-abbreviations-,
Employment and Workplace Relations,Asbestos and Silica Safety and Eradication Agency,Asbestos and Silica Safety and Eradication Agency Annual Report 2023-24,Non-Corporate Commonwealth Entity,https://www.transparency.gov.au/publications/employment-and-workplace-relations/asbestos-and-silica-safety-and-eradication-agency/asbestos-and-silica-safety-and-eradication-agency-annual-report-2023-24,one,https://www.transparency.gov.au/publications/employment-and-workplace-relations/asbestos-and-silica-safety-and-eradication-agency/asbestos-and-silica-safety-and-eradication-agency-annual-report-2023-24/section-6---reference-and-index/6.1-glossary-of-abbreviations-and-acronyms,
Attorney-General's,Attorney-General's Department,Attorney-General's Department Annual Report 2023-24,Non-Corporate Commonwealth Entity,https://www.transparency.gov.au/publications/attorney-general-s/attorney-generals-department/attorney-general-s-department-annual-report-2023-24,one,https://www.transparency.gov.au/publications/attorney-general-s/attorney-generals-department/attorney-general-s-department-annual-report-2023-24/glossary-of-abbreviations-and-acronyms,
Communications and the Arts,Australian Broadcasting Corporation,Australian Broadcasting Corporation Annual Report 2023-24,Corporate Commonwealth Entity,https://www.transparency.gov.au/publications/communications-and-the-arts/australian-broadcasting-corporation/australian-broadcasting-corporation-annual-report-2023-24,one,https://www.transparency.gov.au/publications/communications-and-the-arts/australian-broadcasting-corporation/australian-broadcasting-corporation-annual-report-2023-24/abbreviations-list,
Treasury,Australian Bureau of Statistics,Australian Bureau of Statistics Annual Report 2023-24,Non-Corporate Commonwealth Entity,https://www.transparency.gov.au/publications/treasury/australian-bureau-of-statistics/australian-bureau-of-statistics-annual-report-2023-24,both,https://www.transparency.gov.au/publications/treasury/australian-bureau-of-statistics/australian-bureau-of-statistics-annual-report-2023-24/reference-material/glossary,https://www.transparency.gov.au/publications/treasury/australian-bureau-of-statistics/australian-bureau-of-statistics-annual-report-2023-24/reference-material/abbreviations-and-acronyms
Foreign Affairs and Trade,Australian Centre for International Agricultural Research (ACIAR),Australian Centre for International Agricultural Research Annual Report 2023-24,Non-Corporate Commonwealth Entity,https://www.transparency.gov.au/publications/foreign-affairs-and-trade/australian-centre-for-international-agricultural-research-aciar/australian-centre-for-international-agricultural-research-annual-report-2023-24,one,https://www.transparency.gov.au/publications/foreign-affairs-and-trade/australian-centre-for-international-agricultural-research-aciar/australian-centre-for-international-agricultural-research-annual-report-2023-24/part-6-reference-material/abbreviations-and-acronyms,
Health,Australian Commission on Safety and Quality in Health Care,Australian Commission on Safety and Quality in Health Care Annual Report 2023–24,Corporate Commonwealth Entity,https://www.transparency.gov.au/publications/health/australian-commission-on-safety-and-quality-in-health-care/australian-commission-on-safety-and-quality-in-health-care-annual-report-2023-24,none,,
Communications and the Arts,Australian Communications and Media Authority (ACMA),Australian Communications and Media Authority and eSafety Commissioner annual report 2023–24,Non-Corporate Commonwealth Entity,https://www.transparency.gov.au/publications/communications-and-the-arts/australian-communications-and-media-authority-acma/australian-communications-and-media-authority-and-esafety-commissioner-annual-report-2023-24,one,https://www.transparency.gov.au/publications/communications-and-the-arts/australian-communications-and-media-authority-acma/australian-communications-and-media-authority-and-esafety-commissioner-annual-report-2023-24/glossary,
Treasury,Australian Competition and Consumer Commission (ACCC),ACCC and AER Annual Report 2023-24,Non-Corporate Commonwealth Entity,https://www.transparency.gov.au/publications/treasury/australian-competition-and-consumer-commission-accc/accc-and-aer-annual-report-2023-24,one,https://www.transparency.gov.au/publications/treasury/australian-competition-and-consumer-commission-accc/accc-and-aer-annual-report-2023-24/part-6---appendixes/glossary-and-abbreviations,
Attorney-General's,Australian Criminal Intelligence Commission,Australian Criminal Intelligence Commission Annual Report 2023-24,Non-Corporate Commonwealth Entity,https://www.transparency.gov.au/publications/attorney-general-s/australian-criminal-intelligence-commission/australian-criminal-intelligence-commission-annual-report-2023-24,both,https://www.transparency.gov.au/publications/attorney-general-s/australian-criminal-intelligence-commission/australian-criminal-intelligence-commission-annual-report-2023-24/section-5%3A-appendices-and-references/glossary,https://www.transparency.gov.au/publications/attorney-general-s/australian-criminal-intelligence-commission/australian-criminal-intelligence-commission-annual-report-2023-24/section-5%3A-appendices-and-references/list-of-abbreviations
Education,"Australian Curriculum, Assessment and Reporting Authority","Australian Curriculum, Assessment and Reporting Authority (ACARA) Annual Report 2023–24",Corporate Commonwealth Entity,https://www.transparency.gov.au/publications/education/australian-curriculum-assessment-and-reporting-authority/australian-curriculum-assessment-and-reporting-authority-acara-annual-report-2023-24,none,,
Health,Australian Digital Health Agency,Australian Digital Health Agency Annual Report 2023–2024,Corporate Commonwealth Entity,https://www.transparency.gov.au/publications/health/australian-digital-health-agency/australian-digital-health-agency-annual-report-2023-2024,none,,
Finance,Australian Electoral Commission,Australian Electoral Commission Annual Report 2023-24,Non-Corporate Commonwealth Entity,https://www.transparency.gov.au/publications/finance/australian-electoral-commission/australian-electoral-commission-annual-report-2023-24,both,https://www.transparency.gov.au/publications/finance/australian-electoral-commission/australian-electoral-commission-annual-report-2023-24/08---reader-guides-/glossary,https://www.transparency.gov.au/publications/finance/australian-electoral-commission/australian-electoral-commission-annual-report-2023-24/08---reader-guides-/abbreviations-and-acronyms
Attorney-General's,Australian Federal Police,Australian Federal Police Annual Report 2023–24,Non-Corporate Commonwealth Entity,https://www.transparency.gov.au/publications/attorney-general-s/australian-federal-police/australian-federal-police-annual-report-2023-24,one,https://www.transparency.gov.au/publications/attorney-general-s/australian-federal-police/australian-federal-police-annual-report-2023-24/reference-material/abbreviations-and-acronyms,
Communications and the Arts,"Australian Film, Television and Radio School","Australian Film, Television and Radio School Annual Report 2023–24",Corporate Commonwealth Entity,https://www.transparency.gov.au/publications/communications-and-the-arts/australian-film-television-and-radio-school/australian-film-television-and-radio-school-annual-report-2023-24,none,,
Attorney-General's,Australian Financial Security Authority,Australian Financial Security Authority Annual Report 2023-24,Non-Corporate Commonwealth Entity,https://www.transparency.gov.au/publications/attorney-general-s/australian-financial-security-authority/australian-financial-security-authority-annual-report-2023-24,one,https://www.transparency.gov.au/publications/attorney-general-s/australian-financial-security-authority/australian-financial-security-authority-annual-report-2023-24/abbreviations-and-acronyms,
Agriculture,Australian Fisheries Management Authority,Australian Fisheries Management Authority Annual Report 2023-24,Non-Corporate Commonwealth Entity,https://www.transparency.gov.au/publications/agriculture/australian-fisheries-management-authority/australian-fisheries-management-authority-annual-report-2023-24,both,https://www.transparency.gov.au/publications/agriculture/australian-fisheries-management-authority/australian-fisheries-management-authority-annual-report-2023-24/references/glossary,https://www.transparency.gov.au/publications/agriculture/australian-fisheries-management-authority/australian-fisheries-management-authority-annual-report-2023-24/references/abbreviations-and-acronyms
Services Australia,Australian Hearing Services (Hearing Australia),Australian Hearing Services (Hearing Australia) Annual Report 2023-24,Corporate Commonwealth Entity,https://www.transparency.gov.au/publications/services-australia/australian-hearing-services-hearing-australia/australian-hearing-services-hearing-australia-annual-report-2023-24,one,https://www.transparency.gov.au/publications/services-australia/australian-hearing-services-hearing-australia/australian-hearing-services-hearing-australia-annual-report-2023-24/glossary,
Attorney-General's,Australian Human Rights Commission,Australian Human Rights Commission Annual Report 2023-2024,Corporate Commonwealth Entity,https://www.transparency.gov.au/publications/attorney-general-s/australian-human-rights-commission/australian-human-rights-commission-annual-report-2023-2024,none,,
Education,Australian Institute for Teaching and School Leadership Limited,Annual Report 2023-24,Commonwealth Company,https://www.transparency.gov.au/publications/education/australian-institute-for-teaching-and-school-leadership-limited/annual-report-2023-24,none,,
Prime Minister and Cabinet,Australian Institute of Aboriginal and Torres Strait Islander Studies,Australian Institute of Aboriginal and Torres Strait Islander Studies Annual Report 2023–2024,Corporate Commonwealth Entity,https://www.transparency.gov.au/publications/prime-minister-and-cabinet/australian-institute-of-aboriginal-and-torres-strait-islander-studies/australian-institute-of-aboriginal-and-torres-strait-islander-studies-annual-report-2023-2024,one,https://www.transparency.gov.au/publications/prime-minister-and-cabinet/australian-institute-of-aboriginal-and-torres-strait-islander-studies/australian-institute-of-aboriginal-and-torres-strait-islander-studies-annual-report-2023-2024/part-7.-aids-to-access/abbreviations-and-acronyms,
Attorney-General's,Australian Institute of Criminology,Annual report 2023–24,Non-Corporate Commonwealth Entity,https://www.transparency.gov.au/publications/attorney-general-s/australian-institute-of-criminology/annual-report-2023-24,one,https://www.transparency.gov.au/publications/attorney-general-s/australian-institute-of-criminology/annual-report-2023-24/about-this-report/acronyms,
Social Services,Australian Institute of Family Studies (AIFS),Australian Institute of Family Studies Annual Report 2023-24,Non-Corporate Commonwealth Entity,https://www.transparency.gov.au/publications/social-services/australian-institute-of-family-studies-aifs/australian-institute-of-family-studies-annual-report-2023-24,one,https://www.transparency.gov.au/publications/social-services/australian-institute-of-family-studies-aifs/australian-institute-of-family-studies-annual-report-2023-24/appendices/appendix-d%3A-acronyms-and-abbreviations,
Health,Australian Institute of Health and Welfare,Australian Institute of Health and Welfare Annual Report 2023–24,Corporate Commonwealth Entity,https://www.transparency.gov.au/publications/health/australian-institute-of-health-and-welfare/australian-institute-of-health-and-welfare-annual-report-2023-24,one,https://www.transparency.gov.au/publications/health/australian-institute-of-health-and-welfare/australian-institute-of-health-and-welfare-annual-report-2023-24/user-guide---acronyms-and-abbreviations,
"Climate Change, Energy, the Environment and Water",Australian Institute of Marine Science,Australian Institute of Marine Science Annual Report 2023-24,Corporate Commonwealth Entity,https://www.transparency.gov.au/publications/climate-change-energy-the-environment-and-water/australian-institute-of-marine-science/australian-institute-of-marine-science-annual-report-2023-24,one,https://www.transparency.gov.au/publications/climate-change-energy-the-environment-and-water/australian-institute-of-marine-science/australian-institute-of-marine-science-annual-report-2023-24/chapter-6%3A-appendices-and-indexes/index%3A-acronyms,
Attorney-General's,Australian Law Reform Commission,Australian Law Reform Commission Annual Report 2023-24,Non-Corporate Commonwealth Entity,https://www.transparency.gov.au/publications/attorney-general-s/australian-law-reform-commission/australian-law-reform-commission-annual-report-2023-24,one,https://www.transparency.gov.au/publications/attorney-general-s/australian-law-reform-commission/australian-law-reform-commission-annual-report-2023-24/glossary,
"Infrastructure, Transport, Cities and Regional Development",Australian Maritime Safety Authority,Australian Maritime Safety Authority Annual Report 2023-24,Corporate Commonwealth Entity,https://www.transparency.gov.au/publications/infrastructure-transport-cities-and-regional-development/australian-maritime-safety-authority/australian-maritime-safety-authority-annual-report-2023-24,none,,
Defence,Australian Military Forces Relief Trust Fund,Australian Military Forces Relief Trust Fund Annual Report 2023-24,Corporate Commonwealth Entity,https://www.transparency.gov.au/publications/defence/australian-military-forces-relief-trust-fund/australian-military-forces-relief-trust-fund-annual-report-2023-24,none,,
Prime Minister and Cabinet,Australian National Audit Office,Australian National Audit Office Annual Report 2023-24,Non-Corporate Commonwealth Entity,https://www.transparency.gov.au/publications/prime-minister-and-cabinet/australian-national-audit-office/australian-national-audit-office-annual-report-2023-24,one,https://www.transparency.gov.au/publications/prime-minister-and-cabinet/australian-national-audit-office/australian-national-audit-office-annual-report-2023-24/abbreviations-and-acronyms,
Communications and the Arts,Australian National Maritime Museum,Australian National Maritime Museum Annual Report 2023-24,Corporate Commonwealth Entity,https://www.transparency.gov.au/publications/communications-and-the-arts/australian-national-maritime-museum/australian-national-maritime-museum-annual-report-2023-24,none,,
Finance,Australian Naval Infrastructure Pty Ltd,Annual Report 2023-24,Commonwealth Company,https://www.transparency.gov.au/publications/finance/australian-naval-infrastructure-pty-ltd/annual-report-2023-24,none,,
"Industry, Innovation and Science",Australian Nuclear Science and Technology Organisation,Australian Nuclear Science and Technology Organisation Annual Report 2023-24,Corporate Commonwealth Entity,https://www.transparency.gov.au/publications/industry-innovation-and-science/australian-nuclear-science-and-technology-organisation/australian-nuclear-science-and-technology-organisation-annual-report-2023-24,one,https://www.transparency.gov.au/publications/industry-innovation-and-science/australian-nuclear-science-and-technology-organisation/australian-nuclear-science-and-technology-organisation-annual-report-2023-24/appendices-and-index/glossary,
Treasury,Australian Office of Financial Management (AOFM),Australian Office of Financial Management Annual Report 2023-24,Non-Corporate Commonwealth Entity,https://www.transparency.gov.au/publications/treasury/australian-office-of-financial-management-aofm/australian-office-of-financial-management-annual-report-2023-24,one,https://www.transparency.gov.au/publications/treasury/australian-office-of-financial-management-aofm/australian-office-of-financial-management-annual-report-2023-24/part-5%3A-aids-to-access/glossary-of-abbreviations,
Agriculture,Australian Pesticides and Veterinary Medicines Authority (APVMA),Australian Pesticides and Veterinary Medicines Authority Annual Report 2023–24,Corporate Commonwealth Entity,https://www.transparency.gov.au/publications/agriculture/australian-pesticides-and-veterinary-medicines-authority-apvma/australian-pesticides-and-veterinary-medicines-authority-annual-report-2023-24,both,https://www.transparency.gov.au/publications/agriculture/australian-pesticides-and-veterinary-medicines-authority-apvma/australian-pesticides-and-veterinary-medicines-authority-annual-report-2023-24/acronyms-and-abbreviations%2C-glossary%2C-and-list-of-requirements,https://www.transparency.gov.au/publications/agriculture/australian-pesticides-and-veterinary-medicines-authority-apvma/australian-pesticides-and-veterinary-medicines-authority-annual-report-2023-24/acronyms-and-abbreviations%2C-glossary%2C-and-list-of-requirements
Communications and the Arts,Australian Postal Corporation,Australian Postal Corporation Annual Report 2023-24,Corporate Commonwealth Entity,https://www.transparency.gov.au/publications/communications-and-the-arts/australian-postal-corporation/australian-postal-corporation-annual-report-2023-24,none,,
Treasury,Australian Prudential Regulation Authority (APRA),Australian Prudential Regulation Authority Annual Report 2023-24,Non-Corporate Commonwealth Entity,https://www.transparency.gov.au/publications/treasury/australian-prudential-regulation-authority/australian-prudential-regulation-authority-annual-report-2023-24,one,https://www.transparency.gov.au/publications/treasury/australian-prudential-regulation-authority/australian-prudential-regulation-authority-annual-report-2023-24/glossary,
Prime Minister and Cabinet,Australian Public Service Commission,Australian Public Service Commission Annual Report 2023-24,Non-Corporate Commonwealth Entity,https://www.transparency.gov.au/publications/prime-minister-and-cabinet/australian-public-service-commission/australian-public-service-commission-annual-report-2023-24,one,https://www.transparency.gov.au/publications/prime-minister-and-cabinet/australian-public-service-commission/australian-public-service-commission-annual-report-2023-24/appendices/appendix-b%3A-glossary-of-abbreviations-and-acronyms,
Health,Australian Radiation Protection and Nuclear Safety Agency (ARPANSA),Australian Radiation Protection and Nuclear Safety Agency Annual Report 2023-24,Non-Corporate Commonwealth Entity,https://www.transparency.gov.au/publications/health/australian-radiation-protection-and-nuclear-safety-agency-arpansa/australian-radiation-protection-and-nuclear-safety-agency-annual-report-2023-24,both,https://www.transparency.gov.au/publications/health/australian-radiation-protection-and-nuclear-safety-agency-arpansa/australian-radiation-protection-and-nuclear-safety-agency-annual-report-2023-24/part-7%3A-reference-material/glossary,https://www.transparency.gov.au/publications/health/australian-radiation-protection-and-nuclear-safety-agency-arpansa/australian-radiation-protection-and-nuclear-safety-agency-annual-report-2023-24/part-7%3A-reference-material/abbreviations
"Infrastructure, Transport, Cities and Regional Development",Australian Rail Track Corporation Limited,Australian Rail Track Corporation Limited Annual Report 2023-24,Commonwealth Company,https://www.transparency.gov.au/publications/infrastructure-transport-cities-and-regional-development/australian-rail-track-corporation-limited/australian-rail-track-corporation-limited-annual-report-2023-24,none,,
Treasury,Australian Reinsurance Pool Corporation,Australian Reinsurance Pool Corporation Annual Report 2023-24,Corporate Commonwealth Entity,https://www.transparency.gov.au/publications/treasury/australian-reinsurance-pool-corporation/australian-reinsurance-pool-corporation-annual-report-2023-24,both,https://www.transparency.gov.au/publications/treasury/australian-reinsurance-pool-corporation/australian-reinsurance-pool-corporation-annual-report-2023-24/8%3A-index/glossary,https://www.transparency.gov.au/publications/treasury/australian-reinsurance-pool-corporation/australian-reinsurance-pool-corporation-annual-report-2023-24/8%3A-index/acronyms-and-abbreviations
"Climate Change, Energy, the Environment and Water",Australian Renewable Energy Agency,AUSTRALIAN RENEWABLE ENERGY AGENCY ANNUAL REPORT 2023-24,Corporate Commonwealth Entity,https://www.transparency.gov.au/publications/climate-change-energy-the-environment-and-water/australian-renewable-energy-agency/australian-renewable-energy-agency-annual-report-2023-24,one,https://www.transparency.gov.au/publications/climate-change-energy-the-environment-and-water/australian-renewable-energy-agency/australian-renewable-energy-agency-annual-report-2023-24/appendix-d%3A-glossary,
Education,Australian Research Council,Australian Research Council Annual Report 2023–24,Non-Corporate Commonwealth Entity,https://www.transparency.gov.au/publications/education/australian-research-council/australian-research-council-annual-report-2023-24,both,https://www.transparency.gov.au/publications/education/australian-research-council/australian-research-council-annual-report-2023-24/part-6%3A-reference-material/glossary,https://www.transparency.gov.au/publications/education/australian-research-council/australian-research-council-annual-report-2023-24/part-6%3A-reference-material/abbreviations-and-acronyms
Treasury,Australian Securities and Investments Commission (ASIC),ANNUAL REPORT 2023–24,Non-Corporate Commonwealth Entity,https://www.transparency.gov.au/publications/treasury/australian-securities-and-investments-commission-asic/annual-report-2023-24,one,https://www.transparency.gov.au/publications/treasury/australian-securities-and-investments-commission-asic/annual-report-2023-24/glossary,
Home Affairs,Australian Security Intelligence Organisation,ASIO Annual Report 2023-24,Non-Corporate Commonwealth Entity,https://www.transparency.gov.au/publications/home-affairs/australian-security-intelligence-organisation/asio-annual-report-2023-24,both,https://www.transparency.gov.au/publications/home-affairs/australian-security-intelligence-organisation/asio-annual-report-2023-24/preliminaries/glossary,https://www.transparency.gov.au/publications/home-affairs/australian-security-intelligence-organisation/asio-annual-report-2023-24/preliminaries/abbreviations-and-short-forms
Defence,Australian Signals Directorate,Australian Signals Directorate Annual Report 2023-24,Non-Corporate Commonwealth Entity,https://www.transparency.gov.au/publications/defence/australian-signals-directorate/australian-signals-directorate-annual-report-2023-24,one,https://www.transparency.gov.au/publications/defence/australian-signals-directorate/australian-signals-directorate-annual-report-2023-24/glossary-of-abbreviations-and-acronyms,
"Education, Skills and Employment",Australian Skills Quality Authority (National Vocational Education and Training Regulator),Australian Skills Quality Authority (National Vocational Education and Training Regulator) Annual Report 2023-24,Non-Corporate Commonwealth Entity,https://www.transparency.gov.au/publications/education-skills-and-employment/australian-skills-quality-authority-national-vocational-education-and-training-regulator/australian-skills-quality-authority-national-vocational-education-and-training-regulator-annual-report-2023-24,both,https://www.transparency.gov.au/publications/education-skills-and-employment/australian-skills-quality-authority-national-vocational-education-and-training-regulator/australian-skills-quality-authority-national-vocational-education-and-training-regulator-annual-report-2023-24/chapter-5.-appendices/glossary,https://www.transparency.gov.au/publications/education-skills-and-employment/australian-skills-quality-authority-national-vocational-education-and-training-regulator/australian-skills-quality-authority-national-vocational-education-and-training-regulator-annual-report-2023-24/chapter-5.-appendices/acronyms-and-abbreviations
Health,Australian Sports Commission (Australian Institute of Sport),Australian Sports Commission Annual Report 2023-24,Corporate Commonwealth Entity,https://www.transparency.gov.au/publications/health/australian-sports-commission-australian-institute-of-sport/australian-sports-commission-annual-report-2023-24,none,,
Health,Australian Sports Foundation Limited,"Australian Sports Foundation Limited
Annual Report 2023-24",Commonwealth Company,https://www.transparency.gov.au/publications/health/australian-sports-foundation-limited/australian-sports-foundation-limited-annual-report-2023-24,none,,
Defence,Australian Strategic Policy Institute Ltd,Australian Strategic Policy Institute Annual Report 2023-24,Commonwealth Company,https://www.transparency.gov.au/publications/defence/australian-strategic-policy-institute-ltd/australian-strategic-policy-institute-annual-report-2023-24,one,https://www.transparency.gov.au/publications/defence/australian-strategic-policy-institute-ltd/australian-strategic-policy-institute-annual-report-2023-24/annexes/annex-l%3A-acronyms-and-abbreviations,
Defence,Australian Submarine Agency,Australian Submarine Agency Annual Report 2023–24,Non-Corporate Commonwealth Entity,https://www.transparency.gov.au/publications/defence/australian-submarine-agency/australian-submarine-agency-annual-report-2023-24,one,https://www.transparency.gov.au/publications/defence/australian-submarine-agency/australian-submarine-agency-annual-report-2023-24/chapter-5%3A-appendices/appendix-f%3A-glossary-of-abbreviations-and-acronyms,
Treasury,Australian Taxation Office,Australian Taxation Office annual report 2023–24,Non-Corporate Commonwealth Entity,https://www.transparency.gov.au/publications/treasury/australian-taxation-office/australian-taxation-office-annual-report-2023-24,both,https://www.transparency.gov.au/publications/treasury/australian-taxation-office/australian-taxation-office-annual-report-2023-24/reference-material/glossary,https://www.transparency.gov.au/publications/treasury/australian-taxation-office/australian-taxation-office-annual-report-2023-24/reference-material/abbreviations
Foreign Affairs and Trade,Australian Trade and Investment Commission (Austrade),Australian Trade and Investment Commission Annual Report 2023-24,Non-Corporate Commonwealth Entity,https://www.transparency.gov.au/publications/foreign-affairs-and-trade/australian-trade-and-investment-commission-austrade/australian-trade-and-investment-commission-annual-report-2023-24,one,https://www.transparency.gov.au/publications/foreign-affairs-and-trade/australian-trade-and-investment-commission-austrade/australian-trade-and-investment-commission-annual-report-2023-24/abbreviations-and-acronyms,
Attorney-General's,Australian Transaction Reports and Analysis Centre (AUSTRAC),Australian Transaction Reports and Analysis Centre Annual Report 2023-24,Non-Corporate Commonwealth Entity,https://www.transparency.gov.au/publications/attorney-general-s/australian-transaction-reports-and-analysis-centre-austrac/australian-transaction-reports-and-analysis-centre-annual-report-2023-24,one,https://www.transparency.gov.au/publications/attorney-general-s/australian-transaction-reports-and-analysis-centre-austrac/australian-transaction-reports-and-analysis-centre-annual-report-2023-24/glossary,
"Infrastructure, Transport, Cities and Regional Development",Australian Transport Safety Bureau (ATSB),Australian Transport Safety Bureau (ATSB) Annual Report 2023-24,Non-Corporate Commonwealth Entity,https://www.transparency.gov.au/publications/infrastructure-transport-cities-and-regional-development/australian-transport-safety-bureau-atsb/australian-transport-safety-bureau-atsb-annual-report-2023-24,one,https://www.transparency.gov.au/publications/infrastructure-transport-cities-and-regional-development/australian-transport-safety-bureau-atsb/australian-transport-safety-bureau-atsb-annual-report-2023-24/appendices/appendix-v%3A-glossary,
Veterans' Affairs,Australian War Memorial,Australian War Memorial Annual Report 2023-24,Corporate Commonwealth Entity,https://www.transparency.gov.au/publications/veterans-affairs/australian-war-memorial/australian-war-memorial-annual-report-2023-24,none,,
Communications and the Arts,Bundanon Trust,Bundanon Annual Report 2023–2024 ,Commonwealth Company,https://www.transparency.gov.au/publications/communications-and-the-arts/bundanon-trust/bundanon-annual-report-2023-2024,none,,
"Agriculture, Water and the Environment",Bureau of Meteorology,Annual Report 2023–24,Non-Corporate Commonwealth Entity,https://www.transparency.gov.au/publications/agriculture-water-and-the-environment/bureau-of-meteorology/annual-report-2023-24,one,https://www.transparency.gov.au/publications/agriculture-water-and-the-environment/bureau-of-meteorology/annual-report-2023-24/section-6---appendices/glossary,
Health,Cancer Australia,Annual Report 2023-24,Non-Corporate Commonwealth Entity,https://www.transparency.gov.au/publications/health/cancer-australia/annual-report-2023-24,both,https://www.transparency.gov.au/publications/health/cancer-australia/annual-report-2023-24/glossary,https://www.transparency.gov.au/publications/health/cancer-australia/annual-report-2023-24/abbreviations
Prime Minister and Cabinet,Central Land Council,Central Land Council Annual Report 2023-24,Corporate Commonwealth Entity,https://www.transparency.gov.au/publications/prime-minister-and-cabinet/central-land-council/central-land-council-annual-report-2023-24,one,https://www.transparency.gov.au/publications/prime-minister-and-cabinet/central-land-council/central-land-council-annual-report-2023-24/glossary,
"Infrastructure, Transport, Cities and Regional Development",Civil Aviation Safety Authority,Civil Aviation Safety Authority Annual Report 2023-24,Corporate Commonwealth Entity,https://www.transparency.gov.au/publications/infrastructure-transport-cities-and-regional-development/civil-aviation-safety-authority/civil-aviation-safety-authority-annual-report-2023-24,one,https://www.transparency.gov.au/publications/infrastructure-transport-cities-and-regional-development/civil-aviation-safety-authority/civil-aviation-safety-authority-annual-report-2023-24/abbreviations-list,
"Climate Change, Energy, the Environment and Water",Clean Energy Finance Corporation,Clean Energy Finance Corporation Annual Report 2023–24,Corporate Commonwealth Entity,https://www.transparency.gov.au/publications/climate-change-energy-the-environment-and-water/clean-energy-finance-corporation/clean-energy-finance-corporation-annual-report-2023-24,both,https://www.transparency.gov.au/publications/climate-change-energy-the-environment-and-water/clean-energy-finance-corporation/clean-energy-finance-corporation-annual-report-2023-24/appendices/glossary,https://www.transparency.gov.au/publications/climate-change-energy-the-environment-and-water/clean-energy-finance-corporation/clean-energy-finance-corporation-annual-report-2023-24/appendices/abbreviations
"Climate Change, Energy, the Environment and Water",Clean Energy Regulator,Clean Energy Regulator Annual Report 2023-24,Non-Corporate Commonwealth Entity,https://www.transparency.gov.au/publications/climate-change-energy-the-environment-and-water/clean-energy-regulator/clean-energy-regulator-annual-report-2023-24,none,,
"Climate Change, Energy, the Environment and Water",Climate Change Authority,Climate Change Authority Annual Report 2023-24,Non-Corporate Commonwealth Entity,https://www.transparency.gov.au/publications/climate-change-energy-the-environment-and-water/climate-change-authority/climate-change-authority-annual-report-2023-24,both,https://www.transparency.gov.au/publications/climate-change-energy-the-environment-and-water/climate-change-authority/climate-change-authority-annual-report-2023-24/glossary,https://www.transparency.gov.au/publications/climate-change-energy-the-environment-and-water/climate-change-authority/climate-change-authority-annual-report-2023-24/abbreviations
Attorney-General's,Coal Mining Industry (Long Service Leave Funding) Corporation,Coal Mining Industry (Long Service Leave Funding) Corporation Annual Report 2023–24,Corporate Commonwealth Entity,https://www.transparency.gov.au/publications/attorney-general-s/coal-mining-industry-long-service-leave-funding-corporation/coal-mining-industry-long-service-leave-funding-corporation-annual-report-2023-24,one,https://www.transparency.gov.au/publications/attorney-general-s/coal-mining-industry-long-service-leave-funding-corporation/coal-mining-industry-long-service-leave-funding-corporation-annual-report-2023-24/-part-5.-appendices/glossary-and-acronyms,
Attorney-General's,Comcare,"Comcare and Safety, Rehabilitation and Compensation Commission Annual Report 2023-24",Corporate Commonwealth Entity,https://www.transparency.gov.au/publications/attorney-general-s/comcare/comcare-and-safety-rehabilitation-and-compensation-commission-annual-report-2023-24,none,,
Treasury,Commonwealth Grants Commission,Commonwealth Grants Commission Annual Report 2023-24,Non-Corporate Commonwealth Entity,https://www.transparency.gov.au/publications/treasury/commonwealth-grants-commission/commonwealth-grants-commission-annual-report-2023-24,one,https://www.transparency.gov.au/publications/treasury/commonwealth-grants-commission/commonwealth-grants-commission-annual-report-2023-24/reference-material/glossary-of-acronyms-and-initialisms,
"Industry, Innovation and Science",Commonwealth Scientific and Industrial Research Organisation,Commonwealth Scientific and Industrial Research Organisation Annual Report 2023-24,Corporate Commonwealth Entity,https://www.transparency.gov.au/publications/industry-innovation-and-science/commonwealth-scientific-and-industrial-research-organisation/commonwealth-scientific-and-industrial-research-organisation-annual-report-2023-24,both,https://www.transparency.gov.au/publications/industry-innovation-and-science/commonwealth-scientific-and-industrial-research-organisation/commonwealth-scientific-and-industrial-research-organisation-annual-report-2023-24/part-6%3A-appendices-and-indexes-/glossary,https://www.transparency.gov.au/publications/industry-innovation-and-science/commonwealth-scientific-and-industrial-research-organisation/commonwealth-scientific-and-industrial-research-organisation-annual-report-2023-24/part-6%3A-appendices-and-indexes-/acronyms
Finance,Commonwealth Superannuation Corporation (CSC),Commonwealth Superannuation Corporation Annual Report 2023-24,Corporate Commonwealth Entity,https://www.transparency.gov.au/publications/finance/commonwealth-superannuation-corporation-csc/commonwealth-superannuation-corporation-annual-report-2023-24,one,https://www.transparency.gov.au/publications/finance/commonwealth-superannuation-corporation-csc/commonwealth-superannuation-corporation-annual-report-2023-24/10.-glossary,
Agriculture,Cotton Research and Development Corporation,Cotton Research and Development Corporation Annual Report 2023-24,Corporate Commonwealth Entity,https://www.transparency.gov.au/publications/agriculture/cotton-research-and-development-corporation/cotton-research-and-development-corporation-annual-report-2023-24,one,https://www.transparency.gov.au/publications/agriculture/cotton-research-and-development-corporation/cotton-research-and-development-corporation-annual-report-2023-24/section-6%3A-appendices/appendix-7%3A-abbreviations-list,
"Infrastructure, Transport, Regional Development, Communications and the Arts",Creative Australia,Creative Australia Annual Report 2023-24,Corporate Commonwealth Entity,https://www.transparency.gov.au/publications/infrastructure-transport-regional-development-communications-and-the-arts/creative-australia/creative-australia-annual-report-2023-24,none,,
Defence,Defence Housing Australia,Defence Housing Australia Annual Report 2023-24,Corporate Commonwealth Entity,https://www.transparency.gov.au/publications/defence/defence-housing-australia/defence-housing-australia-annual-report-2023-24,one,https://www.transparency.gov.au/publications/defence/defence-housing-australia/defence-housing-australia-annual-report-2023-24/part-6---appendices-and-reference-information/appendix-i---acronyms-and-abbreviations,
"Agriculture, Fisheries and Forestry","Department of Agriculture, Fisheries and Forestry","Department of Agriculture, Fisheries and Forestry Annual report 2023–24",Non-Corporate Commonwealth Entity,https://www.transparency.gov.au/publications/agriculture-fisheries-and-forestry/department-of-agriculture-fisheries-and-forestry/department-of-agriculture-fisheries-and-forestry-annual-report-2023-24,one,https://www.transparency.gov.au/publications/agriculture-fisheries-and-forestry/department-of-agriculture-fisheries-and-forestry/department-of-agriculture-fisheries-and-forestry-annual-report-2023-24/part-6%3A-aids-to-access/glossary,
"Climate Change, Energy, the Environment and Water","Department of Climate Change, Energy, the Environment and Water","Department of Climate Change, Energy, the Environment and Water Annual Report 2023–24",Non-Corporate Commonwealth Entity,https://www.transparency.gov.au/publications/climate-change-energy-the-environment-and-water/department-of-climate-change-energy-the-environment-and-water/department-of-climate-change-energy-the-environment-and-water-annual-report-2023-24,one,https://www.transparency.gov.au/publications/climate-change-energy-the-environment-and-water/department-of-climate-change-energy-the-environment-and-water/department-of-climate-change-energy-the-environment-and-water-annual-report-2023-24/part-7-%E2%80%93-aids-to-access/abbreviations-and-acronyms,
Defence,Department of Defence,Department of Defence Annual Report 2023-24,Non-Corporate Commonwealth Entity,https://www.transparency.gov.au/publications/defence/department-of-defence/department-of-defence-annual-report-2023-24,one,https://www.transparency.gov.au/publications/defence/department-of-defence/department-of-defence-annual-report-2023-24/abbreviations-and-acronyms,
Education [i],Department of Education [i],Department of Education 2023-24 Annual Report,Non-Corporate Commonwealth Entity,https://www.transparency.gov.au/publications/education-i/department-of-education-i/department-of-education-2023-24-annual-report,one,https://www.transparency.gov.au/publications/education-i/department-of-education-i/department-of-education-2023-24-annual-report/indexes/abbreviations-and-acronyms,
Employment and Workplace Relations,Department of Employment and Workplace Relations,Department of Employment and Workplace Relations Annual Report 2023-24,Non-Corporate Commonwealth Entity,https://www.transparency.gov.au/publications/employment-and-workplace-relations/department-of-employment-and-workplace-relations/DEWR-Annual-Report-2023-24,one,https://www.transparency.gov.au/publications/employment-and-workplace-relations/department-of-employment-and-workplace-relations/DEWR-Annual-Report-2023-24/chapter-6---indexes/abbreviations-and-acronyms,
Finance,Department of Finance,Department of Finance Annual Report 2023-24,Non-Corporate Commonwealth Entity,https://www.transparency.gov.au/publications/finance/department-of-finance/department-of-finance-annual-report-2023-24,one,https://www.transparency.gov.au/publications/finance/department-of-finance/department-of-finance-annual-report-2023-24/abbreviations-and-acronyms,
Foreign Affairs and Trade,Department of Foreign Affairs and Trade,Department of Foreign Affairs and Trade Annual Report 2023-24,Non-Corporate Commonwealth Entity,https://www.transparency.gov.au/publications/foreign-affairs-and-trade/department-of-foreign-affairs-and-trade/department-of-foreign-affairs-and-trade-annual-report-2023-24,one,https://www.transparency.gov.au/publications/foreign-affairs-and-trade/department-of-foreign-affairs-and-trade/department-of-foreign-affairs-and-trade-annual-report-2023-24/abbreviations-and-acronyms,
Health and Aged Care,Department of Health and Aged Care,Department of Health and Aged Care Annual Report 2023-24,Non-Corporate Commonwealth Entity,https://www.transparency.gov.au/publications/health-and-aged-care/department-of-health-and-aged-care/department-of-health-and-aged-care-annual-report-2023-24,both,https://www.transparency.gov.au/publications/health-and-aged-care/department-of-health-and-aged-care/department-of-health-and-aged-care-annual-report-2023-24/navigation-aids/glossary,https://www.transparency.gov.au/publications/health-and-aged-care/department-of-health-and-aged-care/department-of-health-and-aged-care-annual-report-2023-24/navigation-aids/acronyms-and-abbreviations
Home Affairs,Department of Home Affairs,DEPARTMENT OF HOME AFFAIRS | 2023–24 ANNUAL REPORT,Non-Corporate Commonwealth Entity,https://www.transparency.gov.au/publications/home-affairs/department-of-home-affairs/department-of-home-affairs-2023-24-annual-report,both,https://www.transparency.gov.au/publications/home-affairs/department-of-home-affairs/department-of-home-affairs-2023-24-annual-report/part-7%3A-reference-material/glossary,https://www.transparency.gov.au/publications/home-affairs/department-of-home-affairs/department-of-home-affairs-2023-24-annual-report/part-7%3A-reference-material/abbreviations-and-acronyms
"Industry, Science and Resources","Department of Industry, Science and Resources","Department of Industry, Science and Resources Annual Report 2023–24",Non-Corporate Commonwealth Entity,https://www.transparency.gov.au/publications/industry-science-and-resources/department-of-industry-science-and-resources/department-of-industry-science-and-resources-annual-report-2023-24,one,https://www.transparency.gov.au/publications/industry-science-and-resources/department-of-industry-science-and-resources/department-of-industry-science-and-resources-annual-report-2023-24/chapter-5%3A-appendices/abbreviations-and-acronyms,
"Infrastructure, Transport, Regional Development, Communications and the Arts","Department of Infrastructure, Transport, Regional Development, Communications and the Arts","Department of Infrastructure, Transport, Regional Development, Communications and the Arts Annual Report 2023-24",Non-Corporate Commonwealth Entity,https://www.transparency.gov.au/publications/infrastructure-transport-regional-development-communications-and-the-arts/department-of-infrastructure-transport-regional-development-communications-and-the-arts/department-of-infrastructure-transport-regional-development-communications-and-the-arts-annual-report-2023-24,both,https://www.transparency.gov.au/publications/infrastructure-transport-regional-development-communications-and-the-arts/department-of-infrastructure-transport-regional-development-communications-and-the-arts/department-of-infrastructure-transport-regional-development-communications-and-the-arts-annual-report-2023-24/navigation-aids/glossary,https://www.transparency.gov.au/publications/infrastructure-transport-regional-development-communications-and-the-arts/department-of-infrastructure-transport-regional-development-communications-and-the-arts/department-of-infrastructure-transport-regional-development-communications-and-the-arts-annual-report-2023-24/navigation-aids/acronyms-and-abbreviations
Parliamentary Departments (not a portfolio),Department of Parliamentary Services,Department of Parliamentary Services Annual Report 2023 - 2024,Non-Corporate Commonwealth Entity,https://www.transparency.gov.au/publications/parliamentary-departments-not-a-portfolio/department-of-parliamentary-services/department-of-parliamentary-services-annual-report-2023-2024,both,https://www.transparency.gov.au/publications/parliamentary-departments-not-a-portfolio/department-of-parliamentary-services/department-of-parliamentary-services-annual-report-2023-2024/part-9%3A-reference-material/glossary,https://www.transparency.gov.au/publications/parliamentary-departments-not-a-portfolio/department-of-parliamentary-services/department-of-parliamentary-services-annual-report-2023-2024/part-9%3A-reference-material/acronyms-and-abbreviations
Social Services,Department of Social Services,Department of Social Services 2023-24 Annual Report,Non-Corporate Commonwealth Entity,https://www.transparency.gov.au/publications/social-services/department-of-social-services/department-of-social-services-2023-24-annual-report,one,https://www.transparency.gov.au/publications/social-services/department-of-social-services/department-of-social-services-2023-24-annual-report/part-6---appendices-and-index/appendix-g-glossary-of-abbreviations-and-acronyms,
Veterans' Affairs,Department of Veterans' Affairs,DVA Annual Report 2023-24,Non-Corporate Commonwealth Entity,https://www.transparency.gov.au/publications/veterans-affairs/department-of-veterans-affairs/dva-annual-report-2023-24,one,https://www.transparency.gov.au/publications/veterans-affairs/department-of-veterans-affairs/dva-annual-report-2023-24/08-aids-to-access/acronyms-and-abbreviations,
Parliamentary Departments (not a portfolio),Department of the House of Representatives,Department of the House of Representatives Annual Report 2023-24,Non-Corporate Commonwealth Entity,https://www.transparency.gov.au/publications/parliamentary-departments-not-a-portfolio/department-of-the-house-of-representatives/department-of-the-house-of-representatives-annual-report-2023-24,one,https://www.transparency.gov.au/publications/parliamentary-departments-not-a-portfolio/department-of-the-house-of-representatives/department-of-the-house-of-representatives-annual-report-2023-24/abbreviations-and-acronyms,
Prime Minister and Cabinet,Department of the Prime Minister and Cabinet,Annual Report 2023-24,Non-Corporate Commonwealth Entity,https://www.transparency.gov.au/publications/prime-minister-and-cabinet/department-of-the-prime-minister-and-cabinet/annual-report-2023-24,none,,
Parliamentary Departments (not a portfolio),Department of the Senate,Department of the Senate Annual Report 2023-24,Non-Corporate Commonwealth Entity,https://www.transparency.gov.au/publications/parliamentary-departments-not-a-portfolio/department-of-the-senate/department-of-the-senate-annual-report-2023-24,one,https://www.transparency.gov.au/publications/parliamentary-departments-not-a-portfolio/department-of-the-senate/department-of-the-senate-annual-report-2023-24/references/glossary-and-abbreviations-list,
Treasury,Department of the Treasury,Treasury Annual Report 2023-24,Non-Corporate Commonwealth Entity,https://www.transparency.gov.au/publications/treasury/department-treasury/treasury-annual-report-2023-24,both,https://www.transparency.gov.au/publications/treasury/department-treasury/treasury-annual-report-2023-24/part-5---appendices/glossary,https://www.transparency.gov.au/publications/treasury/department-treasury/treasury-annual-report-2023-24/part-5---appendices/abbreviations-and-acronyms
Finance,Digital Transformation Agency,Digital Transformation Agency Annual Report 2023-24,Non-Corporate Commonwealth Entity,https://www.transparency.gov.au/publications/finance/digital-transformation-agency/digital-transformation-agency-annual-report-2023-24,one,https://www.transparency.gov.au/publications/finance/digital-transformation-agency/digital-transformation-agency-annual-report-2023-24/appendices/appendix-d%3A-glossary-and-abbreviations,
"Agriculture, Water and the Environment",Director of National Parks,Director of National Parks Annual Report 2023-24,Corporate Commonwealth Entity,https://www.transparency.gov.au/publications/agriculture-water-and-the-environment/director-of-national-parks/director-of-national-parks-annual-report-2023-24,none,,
Social Services,"Domestic, Family and Sexual Violence Commission","Domestic, Family and Sexual Violence Commission Annual Report 2023-24",Non-Corporate Commonwealth Entity,https://www.transparency.gov.au/publications/social-services/domestic-family-and-sexual-violence-commission/domestic-family-and-sexual-violence-commission-annual-report-2023-24,one,https://www.transparency.gov.au/publications/social-services/domestic-family-and-sexual-violence-commission/domestic-family-and-sexual-violence-commission-annual-report-2023-24/appendix-a%3A-other-mandatory-information/appendix-b%3A-glossary-of-abbreviations-and-acronyms,
Foreign Affairs and Trade,"Export Finance and Insurance Corporation (EFIC, Export Finance Australia)",Export Finance Australia Annual Report 2023-2024 ,Corporate Commonwealth Entity,https://www.transparency.gov.au/publications/foreign-affairs-and-trade/export-finance-and-insurance-corporation-efic-export-finance-australia/export-finance-australia-annual-report-2023-2024,one,https://www.transparency.gov.au/publications/foreign-affairs-and-trade/export-finance-and-insurance-corporation-efic-export-finance-australia/export-finance-australia-annual-report-2023-2024/appendices/appendix-f%3A-abbreviations-and-acronyms,
Attorney-General's,Fair Work Commission,Fair Work Commission - Annual Report 2023-24 - Access to Justice ,Non-Corporate Commonwealth Entity,https://www.transparency.gov.au/publications/attorney-general-s/fair-work-commission/fair-work-commission-annual-report-2023-24-access-to-justice,both,https://www.transparency.gov.au/publications/attorney-general-s/fair-work-commission/fair-work-commission-annual-report-2023-24-access-to-justice/glossary,https://www.transparency.gov.au/publications/attorney-general-s/fair-work-commission/fair-work-commission-annual-report-2023-24-access-to-justice/acronyms-and-abbreviations
Attorney-General's,Federal Court of Australia,Federal Court of Australia Listed Entity Annual Report 2023-24,Non-Corporate Commonwealth Entity,https://www.transparency.gov.au/publications/attorney-general-s/federal-court-of-australia/fca-listed-entity-ar-2023-24,both,https://www.transparency.gov.au/publications/attorney-general-s/federal-court-of-australia/fca-listed-entity-ar-2023-24/about-this-report/glossary,https://www.transparency.gov.au/publications/attorney-general-s/federal-court-of-australia/fca-listed-entity-ar-2023-24/about-this-report/acronyms-and-abbreviations
Agriculture,Fisheries Research and Development Corporation,Fisheries Research and Development Corporation 2023-24,Corporate Commonwealth Entity,https://www.transparency.gov.au/publications/agriculture/fisheries-research-and-development-corporation/fisheries-research-and-development-corporation-2023-24,one,https://www.transparency.gov.au/publications/agriculture/fisheries-research-and-development-corporation/fisheries-research-and-development-corporation-2023-24/appendices/abbreviations-and-acronyms,
Health,Food Standards Australia New Zealand,Food Standards Australia New Zealand Annual Report 2023-24,Corporate Commonwealth Entity,https://www.transparency.gov.au/publications/health/food-standards-australia-new-zealand/food-standards-australia-new-zealand-annual-report-2023-24,none,,
Finance,Future Fund Management Agency,Future Fund Management Agency Annual Report 2023-24,Non-Corporate Commonwealth Entity,https://www.transparency.gov.au/publications/finance/future-fund-management-agency/future-fund-management-agency-annual-report-2023-24,one,https://www.transparency.gov.au/publications/finance/future-fund-management-agency/future-fund-management-agency-annual-report-2023-24/08-references-and-index/glossary-of-abbreviations-and-acronyms,
"Industry, Innovation and Science",Geoscience Australia,Geoscience Australia Annual Report 2023-24,Non-Corporate Commonwealth Entity,https://www.transparency.gov.au/publications/industry-innovation-and-science/geoscience-australia/geoscience-australia-annual-report-2023-24,one,https://www.transparency.gov.au/publications/industry-innovation-and-science/geoscience-australia/geoscience-australia-annual-report-2023-24/05-appendices/glossary-of-abbreviations-and-acronyms,
Agriculture,Grains Research and Development Corporation,Grains Research and Development Corporation Annual Report 2023-24,Corporate Commonwealth Entity,https://www.transparency.gov.au/publications/agriculture/grains-research-and-development-corporation/grains-research-and-development-corporation-annual-report-2023-24,one,https://www.transparency.gov.au/publications/agriculture/grains-research-and-development-corporation/grains-research-and-development-corporation-annual-report-2023-24/7.-references/abbreviations-lndex,
"Agriculture, Water and the Environment",Great Barrier Reef Marine Park Authority,Great Barrier Reef Marine Park Authority Annual Report 2023-24,Non-Corporate Commonwealth Entity,https://www.transparency.gov.au/publications/agriculture-water-and-the-environment/great-barrier-reef-marine-park-authority/great-barrier-reef-marine-park-authority-annual-report-2023-24,one,https://www.transparency.gov.au/publications/agriculture-water-and-the-environment/great-barrier-reef-marine-park-authority/great-barrier-reef-marine-park-authority-annual-report-2023-24/6.-appendices/acronyms-and-abbreviations,
"Infrastructure, Transport, Regional Development, Communications and the Arts",High Speed Rail Authority,High Speed Rail Authority Annual Report 2023-24,Corporate Commonwealth Entity,https://www.transparency.gov.au/publications/infrastructure-transport-regional-development-communications-and-the-arts/high-speed-rail-authority/high-speed-rail-authority-annual-report-2023-24,none,,
Treasury,Housing Australia,Housing Australia Annual Report 2023-24,Corporate Commonwealth Entity,https://www.transparency.gov.au/publications/treasury/housing-australia/housing-australia-annual-report-2023-24,one,https://www.transparency.gov.au/publications/treasury/housing-australia/housing-australia-annual-report-2023-24/appendix-f%3A-abbreviations-and-acronyms,
"Industry, Innovation and Science",IP Australia,IP Australia Annual Report 2023-24,Non-Corporate Commonwealth Entity,https://www.transparency.gov.au/publications/industry-innovation-and-science/ip-australia/ip-australia-annual-report-2023-24,one,https://www.transparency.gov.au/publications/industry-innovation-and-science/ip-australia/ip-australia-annual-report-2023-24/part-6%3A-requirements/acronym%2Fabbreviation,
Health and Aged Care,Independent Health and Aged Care Pricing Authority,Independent Health and Aged Care Pricing Authority Annual Report 2023-24,Corporate Commonwealth Entity,https://www.transparency.gov.au/publications/health-and-aged-care/independent-health-and-aged-care-pricing-authority/independent-health-and-aged-care-pricing-authority-annual-report-2023-24,both,https://www.transparency.gov.au/publications/health-and-aged-care/independent-health-and-aged-care-pricing-authority/independent-health-and-aged-care-pricing-authority-annual-report-2023-24/appendices/appendix-c-%E2%80%94-glossary,https://www.transparency.gov.au/publications/health-and-aged-care/independent-health-and-aged-care-pricing-authority/independent-health-and-aged-care-pricing-authority-annual-report-2023-24/appendices/appendix-b-%E2%80%94-acronyms-and-abbreviations
Finance,Independent Parliamentary Expenses Authority,Independent Parliamentary Expenses Authority – Annual Report 2023–24,Non-Corporate Commonwealth Entity,https://www.transparency.gov.au/publications/finance/independent-parliamentary-expenses-authority/independent-parliamentary-expenses-authority-annual-report-2023-24,one,https://www.transparency.gov.au/publications/finance/independent-parliamentary-expenses-authority/independent-parliamentary-expenses-authority-annual-report-2023-24/chapter-5.-other-mandatory-information/glossary-,
Prime Minister and Cabinet,Indigenous Business Australia,Indigenous Business Australia Annual Report 2023-24,Corporate Commonwealth Entity,https://www.transparency.gov.au/publications/prime-minister-and-cabinet/indigenous-business-australia/indigenous-business-australia-annual-report-2023-24,none,,
Prime Minister and Cabinet,Indigenous Land and Sea Corporation,Indigenous Land and Sea Corporation Annual Report 2023-24,Corporate Commonwealth Entity,https://www.transparency.gov.au/publications/prime-minister-and-cabinet/indigenous-land-and-sea-corporation/indigenous-land-and-sea-corporation-annual-report-2023-24,one,https://www.transparency.gov.au/publications/prime-minister-and-cabinet/indigenous-land-and-sea-corporation/indigenous-land-and-sea-corporation-annual-report-2023-24/part-seven%3A-guide-to-access/acronyms%2C-abbreviations-and-terminology,
"Infrastructure, Transport, Cities and Regional Development",Infrastructure Australia,"2023-24 
Annual Report",Corporate Commonwealth Entity,https://www.transparency.gov.au/publications/infrastructure-transport-cities-and-regional-development/infrastructure-australia/2023-24-annual-report,none,,
Treasury,Inspector-General of Taxation,Inspector-General of Taxation Annual Report 2023-24,Non-Corporate Commonwealth Entity,https://www.transparency.gov.au/publications/treasury/inspector-general-of-taxation/inspector-general-of-taxation-annual-report-2023-24,one,https://www.transparency.gov.au/publications/treasury/inspector-general-of-taxation/inspector-general-of-taxation-annual-report-2023-24/part-7-%E2%80%93-reference-materials/glossary,
Agriculture,Murray-Darling Basin Authority,Murray-Darling Basin Authority Annual Report 2023-24,Corporate Commonwealth Entity,https://www.transparency.gov.au/publications/agriculture/murray-darling-basin-authority/murray-darling-basin-authority-annual-report-2023-24,both,https://www.transparency.gov.au/publications/agriculture/murray-darling-basin-authority/murray-darling-basin-authority-annual-report-2023-24/appendices/glossary,https://www.transparency.gov.au/publications/agriculture/murray-darling-basin-authority/murray-darling-basin-authority-annual-report-2023-24/appendices/abbreviations
Communications and the Arts,NBN Co Limited,NBN 2024 Annual Report,Commonwealth Company,https://www.transparency.gov.au/publications/communications-and-the-arts/nbn-co-limited/nbn-2024-annual-report,none,,
Social Services,NDIS Quality and Safeguards Commission,NDIS Quality and Safeguards Commission Annual Report 2023-24,Non-Corporate Commonwealth Entity,https://www.transparency.gov.au/publications/social-services/ndis-quality-and-safeguards-commission/ndis-quality-and-safeguards-commission-annual-report-2023-24,both,https://www.transparency.gov.au/publications/social-services/ndis-quality-and-safeguards-commission/ndis-quality-and-safeguards-commission-annual-report-2023-24/appendices/3.-glossary,https://www.transparency.gov.au/publications/social-services/ndis-quality-and-safeguards-commission/ndis-quality-and-safeguards-commission-annual-report-2023-24/appendices/4.-abbreviations-and-acronyms
Attorney-General's,National Anti-Corruption Commission,National Anti-Corruption Commission Annual Report 2023-24,Non-Corporate Commonwealth Entity,https://www.transparency.gov.au/publications/attorney-general-s/national-anti-corruption-commission/national-anti-corruption-commission-annual-report-2023-24,both,https://www.transparency.gov.au/publications/attorney-general-s/national-anti-corruption-commission/national-anti-corruption-commission-annual-report-2023-24/aides-to-access/glossary-of-data-terms,https://www.transparency.gov.au/publications/attorney-general-s/national-anti-corruption-commission/national-anti-corruption-commission-annual-report-2023-24/aides-to-access/acronyms-and-abbreviations
"Infrastructure, Transport, Regional Development, Communications and the Arts",National Archives of Australia,National Archives of Australia Annual Report 2023-24,Non-Corporate Commonwealth Entity,https://www.transparency.gov.au/publications/infrastructure-transport-regional-development-communications-and-the-arts/national-archives-of-australia/national-archives-of-australia-annual-report-2023-24,both,https://www.transparency.gov.au/publications/infrastructure-transport-regional-development-communications-and-the-arts/national-archives-of-australia/national-archives-of-australia-annual-report-2023-24/part-6%3A-glossary-and-indexes,https://www.transparency.gov.au/publications/infrastructure-transport-regional-development-communications-and-the-arts/national-archives-of-australia/national-archives-of-australia-annual-report-2023-24/part-6%3A-glossary-and-indexes/abbreviations-and-acronyms
Prime Minister and Cabinet,National Australia Day Council Limited,National Australia Day Council Limited Annual Report 2023-24,Commonwealth Company,https://www.transparency.gov.au/publications/prime-minister-and-cabinet/national-australia-day-council-limited/national-australia-day-council-limited-annual-report-2023-24,none,,
Health,National Blood Authority,National Blood Authority Annual Report 2023-24,Non-Corporate Commonwealth Entity,https://www.transparency.gov.au/publications/health/national-blood-authority/national-blood-authority-annual-report-2023-24,one,https://www.transparency.gov.au/publications/health/national-blood-authority/national-blood-authority-annual-report-2023-24/part-five%3A-appendixes/appendix-7.-acronyms-and-abbreviations,
"Infrastructure, Transport, Cities and Regional Development",National Capital Authority,National Capital Authority Annual Report 2023-24,Non-Corporate Commonwealth Entity,https://www.transparency.gov.au/publications/infrastructure-transport-cities-and-regional-development/national-capital-authority/national-capital-authority-annual-report-2023-24,one,https://www.transparency.gov.au/publications/infrastructure-transport-cities-and-regional-development/national-capital-authority/national-capital-authority-annual-report-2023-24/glossary-of-abbreviations%2C-acronyms-and-terms,
Treasury,National Competition Council,National Competition Council Annual Report 2023-24,Non-Corporate Commonwealth Entity,https://www.transparency.gov.au/publications/treasury/national-competition-council/national-competition-council-annual-report-2023-24,one,https://www.transparency.gov.au/publications/treasury/national-competition-council/national-competition-council-annual-report-2023-24/glossary,
Social Services,National Disability Insurance Agency,"National Disability Insurance Agency Annual Report 2023-24
",Corporate Commonwealth Entity,https://www.transparency.gov.au/publications/social-services/national-disability-insurance-agency/national-disability-insurance-agency-annual-report-2023-24,one,https://www.transparency.gov.au/publications/social-services/national-disability-insurance-agency/national-disability-insurance-agency-annual-report-2023-24/6.-appendices/6.15.2-acronyms,
Home Affairs,National Emergency Management Agency,National Emergency Management Agency Annual Report 2023-24,Non-Corporate Commonwealth Entity,https://www.transparency.gov.au/publications/home-affairs/national-emergency-management-agency/national-emergency-management-agency-annual-report-2023-24,one,https://www.transparency.gov.au/publications/home-affairs/national-emergency-management-agency/national-emergency-management-agency-annual-report-2023-24/appendix-2%3A-acronyms-and-abbreviations,https://www.transparency.gov.au/publications/home-affairs/national-emergency-management-agency/national-emergency-management-agency-annual-report-2023-24/appendix-2%3A-acronyms-and-abbreviations/acronyms-and-abbreviations
Communications and the Arts,National Film and Sound Archive of Australia,National Film and Sound Archive Annual Report 2023-24,Corporate Commonwealth Entity,https://www.transparency.gov.au/publications/communications-and-the-arts/national-film-and-sound-archive-of-australia/national-film-and-sound-archive-annual-report-2023-24,one,https://www.transparency.gov.au/publications/communications-and-the-arts/national-film-and-sound-archive-of-australia/national-film-and-sound-archive-annual-report-2023-24/section-four%3A-appendices/abbreviations,
Communications and the Arts,National Gallery of Australia,National Gallery of Australia Annual Report 2023-24,Corporate Commonwealth Entity,https://www.transparency.gov.au/publications/communications-and-the-arts/national-gallery-of-australia/national-gallery-of-australia-annual-report-2023-24,one,https://www.transparency.gov.au/publications/communications-and-the-arts/national-gallery-of-australia/national-gallery-of-australia-annual-report-2023-24/part-6%3A-appendices/abbreviations-and-acronyms,
Health,National Health Funding Body (NHFB),National Health Funding Body Annual Report 2023-24,Non-Corporate Commonwealth Entity,https://www.transparency.gov.au/publications/health/national-health-funding-body-nhfb/national-health-funding-body-annual-report-2023-24,both,https://www.transparency.gov.au/publications/health/national-health-funding-body-nhfb/national-health-funding-body-annual-report-2023-24/part-5%3A-reference-information/glossary,https://www.transparency.gov.au/publications/health/national-health-funding-body-nhfb/national-health-funding-body-annual-report-2023-24/part-5%3A-reference-information/abbreviations-and-acronyms
Health,National Health and Medical Research Council (NHMRC),Annual Report 2023–24,Non-Corporate Commonwealth Entity,https://www.transparency.gov.au/publications/health/national-health-and-medical-research-council-nhmrc/annual-report-2023-24,one,https://www.transparency.gov.au/publications/health/national-health-and-medical-research-council-nhmrc/annual-report-2023-24/appendices/appendix-4%3A-abbreviations-and-acronyms,
Prime Minister and Cabinet,National Indigenous Australians Agency,National Indigenous Australians Agency Annual Report 2023-24,Non-Corporate Commonwealth Entity,https://www.transparency.gov.au/publications/prime-minister-and-cabinet/national-indigenous-australians-agency/national-indigenous-australians-agency-annual-report-2023-24,both,https://www.transparency.gov.au/publications/prime-minister-and-cabinet/national-indigenous-australians-agency/national-indigenous-australians-agency-annual-report-2023-24/section-6---glossary-and-indexes,https://www.transparency.gov.au/publications/prime-minister-and-cabinet/national-indigenous-australians-agency/national-indigenous-australians-agency-annual-report-2023-24/section-6---glossary-and-indexes/abbreviations
"Infrastructure, Transport, Regional Development, Communications and the Arts",National Intermodal Corporation Limited,National Intermodal Annual Report 2024 ,Commonwealth Company,https://www.transparency.gov.au/publications/infrastructure-transport-regional-development-communications-and-the-arts/national-intermodal-corporation-limited/national-intermodal-annual-report-2024,one,https://www.transparency.gov.au/publications/infrastructure-transport-regional-development-communications-and-the-arts/national-intermodal-corporation-limited/national-intermodal-annual-report-2024/6.-reporting-index/glossary-and-abbreviations,
Communications and the Arts,National Library of Australia,National Library of Australia Annual Report 2023-24,Corporate Commonwealth Entity,https://www.transparency.gov.au/publications/communications-and-the-arts/national-library-of-australia/national-library-of-australia-annual-report-2023-24,one,https://www.transparency.gov.au/publications/communications-and-the-arts/national-library-of-australia/national-library-of-australia-annual-report-2023-24/glossary-and-indices,https://www.transparency.gov.au/publications/communications-and-the-arts/national-library-of-australia/national-library-of-australia-annual-report-2023-24/glossary-and-indices/compliance-index
Health,National Mental Health Commission,National Mental Health Commission Annual Report 2023-24,Non-Corporate Commonwealth Entity,https://www.transparency.gov.au/publications/health/national-mental-health-commission/national-mental-health-commission-annual-report-2023-24,both,https://www.transparency.gov.au/publications/health/national-mental-health-commission/national-mental-health-commission-annual-report-2023-24/navigation-aids/glossary,https://www.transparency.gov.au/publications/health/national-mental-health-commission/national-mental-health-commission-annual-report-2023-24/navigation-aids/acronyms
Communications and the Arts,National Museum of Australia,National Museum of Australia Annual Report 2023-24,Corporate Commonwealth Entity,https://www.transparency.gov.au/publications/communications-and-the-arts/national-museum-of-australia/national-museum-of-australia-annual-report-2023-24,none,,
"Industry, Innovation and Science",National Offshore Petroleum Safety and Environmental Management Authority (NOPSEMA),National Offshore Petroleum Safety and Environmental Management Authority Annual Report 2023-24,Corporate Commonwealth Entity,https://www.transparency.gov.au/publications/industry-innovation-and-science/national-offshore-petroleum-safety-and-environmental-management-authority-nopsema/national-offshore-petroleum-safety-and-environmental-management-authority-annual-report-2023-24,one,https://www.transparency.gov.au/publications/industry-innovation-and-science/national-offshore-petroleum-safety-and-environmental-management-authority-nopsema/national-offshore-petroleum-safety-and-environmental-management-authority-annual-report-2023-24/part-4%3A-annual-performance-statements/glossary-of-acronyms-and-abbreviations,
Communications and the Arts,National Portrait Gallery of Australia,Annual Report 2023-2024,Corporate Commonwealth Entity,https://www.transparency.gov.au/publications/communications-and-the-arts/national-portrait-gallery-of-australia/annual-report-2023-2024,none,,
"Industry, Science and Resources",National Reconstruction Fund Corporation,National Reconstruction Fund Corporation Annual Report 2023-24,Corporate Commonwealth Entity,https://www.transparency.gov.au/publications/industry-science-and-resources/national-reconstruction-fund-corporation/national-reconstruction-fund-corporation-annual-report-2023-24,none,,
"Infrastructure, Transport, Cities and Regional Development",National Transport Commission,National Transport Commission Annual Report 2023-24,Corporate Commonwealth Entity,https://www.transparency.gov.au/publications/infrastructure-transport-cities-and-regional-development/national-transport-commission/national-transport-commission-annual-report-2023-24,one,https://www.transparency.gov.au/publications/infrastructure-transport-cities-and-regional-development/national-transport-commission/national-transport-commission-annual-report-2023-24/appendices/appendix-e%3A-glossary-and-acronyms,
"Industry, Innovation and Science",Northern Australia Infrastructure Facility,Northern Australia Infrastructure Facility Annual Report 2023-2024,Corporate Commonwealth Entity,https://www.transparency.gov.au/publications/industry-innovation-and-science/northern-australia-infrastructure-facility/northern-australia-infrastructure-facility-annual-report-2023-2024,one,https://www.transparency.gov.au/publications/industry-innovation-and-science/northern-australia-infrastructure-facility/northern-australia-infrastructure-facility-annual-report-2023-2024/abbreviations-and-acronyms,
Prime Minister and Cabinet,Northern Land Council,Northern Land Council Annual Report 2023-24,Corporate Commonwealth Entity,https://www.transparency.gov.au/publications/prime-minister-and-cabinet/northern-land-council/northern-land-council-annual-report-2023-24,one,https://www.transparency.gov.au/publications/prime-minister-and-cabinet/northern-land-council/northern-land-council-annual-report-2023-24/part-5---appendices/glossary,
Prime Minister and Cabinet,Northern Territory Aboriginal Investment Corporation,Northern Territory Aboriginal Investment Corporation Annual Report 2023-2024,Corporate Commonwealth Entity,https://www.transparency.gov.au/publications/prime-minister-and-cabinet/northern-territory-aboriginal-investment-corporation/northern-territory-aboriginal-investment-corporation-annual-report-2023-2024,none,,
Attorney-General's,Office of Parliamentary Counsel,Office of Parliamentary Counsel Annual Report 2023-24,Non-Corporate Commonwealth Entity,https://www.transparency.gov.au/publications/attorney-general-s/office-of-parliamentary-counsel/office-of-parliamentary-counsel-annual-report-2023-24,one,https://www.transparency.gov.au/publications/attorney-general-s/office-of-parliamentary-counsel/office-of-parliamentary-counsel-annual-report-2023-24/glossary,
Treasury,Office of the Auditing and Assurance Standards Board (AUASB),Office of the Auditing and Assurance Standards Board Annual Report 2023-24,Non-Corporate Commonwealth Entity,https://www.transparency.gov.au/publications/treasury/office-of-the-auditing-and-assurance-standards-board-auasb/office-of-the-auditing-and-assurance-standards-board-annual-report-2023-24,one,https://www.transparency.gov.au/publications/treasury/office-of-the-auditing-and-assurance-standards-board-auasb/office-of-the-auditing-and-assurance-standards-board-annual-report-2023-24/abbreviations,
Treasury,Office of the Australian Accounting Standards Board (AASB),Office of the Australian Accounting Standards Board Annual Report 2023-24,Non-Corporate Commonwealth Entity,https://www.transparency.gov.au/publications/treasury/office-of-the-australian-accounting-standards-board-aasb/office-of-the-australian-accounting-standards-board-annual-report-2023-24,one,https://www.transparency.gov.au/publications/treasury/office-of-the-australian-accounting-standards-board-aasb/office-of-the-australian-accounting-standards-board-annual-report-2023-24/abbreviations,
Attorney-General's,Office of the Australian Information Commissioner,Office of the Australian Information Commissioner Annual Report 2023-24,Non-Corporate Commonwealth Entity,https://www.transparency.gov.au/publications/attorney-general-s/office-of-the-australian-information-commissioner/office-of-the-australian-information-commissioner-annual-report-2023-24,none,,
Attorney-General's,Office of the Commonwealth Ombudsman,Office of the Commonwealth Ombudsman Annual Report 2023-24,Non-Corporate Commonwealth Entity,https://www.transparency.gov.au/publications/attorney-general-s/office-of-the-commonwealth-ombudsman/office-of-the-commonwealth-ombudsman-annual-report-2023-24,both,https://www.transparency.gov.au/publications/attorney-general-s/office-of-the-commonwealth-ombudsman/office-of-the-commonwealth-ombudsman-annual-report-2023-24/part-8%3A-references/glossary,https://www.transparency.gov.au/publications/attorney-general-s/office-of-the-commonwealth-ombudsman/office-of-the-commonwealth-ombudsman-annual-report-2023-24/part-8%3A-references/acronyms%2C-initialisms-and-abbreviations
Attorney-General's,Office of the Director of Public Prosecutions (CDPP),Office of the Director of Public Prosecutions (Cth) Annual Report 2023-24,Non-Corporate Commonwealth Entity,https://www.transparency.gov.au/publications/attorney-general-s/office-of-the-director-of-public-prosecutions-cdpp/office-of-the-director-of-public-prosecutions-cth-annual-report-2023-24,none,,
Attorney-General's,Office of the Fair Work Ombudsman,Office of the Fair Work Ombudsman 2023-24 Annual Report,Non-Corporate Commonwealth Entity,https://www.transparency.gov.au/publications/attorney-general-s/office-of-the-fair-work-ombudsman/office-of-the-fair-work-ombudsman-2023-24-annual-report,both,https://www.transparency.gov.au/publications/attorney-general-s/office-of-the-fair-work-ombudsman/office-of-the-fair-work-ombudsman-2023-24-annual-report/part-5---reference-material/glossary,https://www.transparency.gov.au/publications/attorney-general-s/office-of-the-fair-work-ombudsman/office-of-the-fair-work-ombudsman-2023-24-annual-report/part-5---reference-material/abbreviations-and-acronyms
Health and Aged Care,Office of the Inspector-General of Aged Care,"Office of the Inspector-General of Aged Care

Annual Report 2023-24",Non-Corporate Commonwealth Entity,https://www.transparency.gov.au/publications/health-and-aged-care/office-of-the-inspector-general-of-aged-care/office-of-the-inspector-general-of-aged-care-annual-report-2023-24,one,https://www.transparency.gov.au/publications/health-and-aged-care/office-of-the-inspector-general-of-aged-care/office-of-the-inspector-general-of-aged-care-annual-report-2023-24/appendix-4%3A-glossary,
Attorney-General's,Office of the Inspector-General of Intelligence and Security,Office of the Inspector-General of Intelligence and Security Annual Report 2023-24,Non-Corporate Commonwealth Entity,https://www.transparency.gov.au/publications/attorney-general-s/office-of-the-inspector-general-of-intelligence-and-security/office-of-the-inspector-general-of-intelligence-and-security-annual-report-2023-24,one,https://www.transparency.gov.au/publications/attorney-general-s/office-of-the-inspector-general-of-intelligence-and-security/office-of-the-inspector-general-of-intelligence-and-security-annual-report-2023-24/preliminaries/glossary,
Prime Minister and Cabinet,Office of the Official Secretary to the Governor-General,Office of the Official Secretary to the Governor-General Annual Report 2023-24,Non-Corporate Commonwealth Entity,https://www.transparency.gov.au/publications/prime-minister-and-cabinet/office-of-the-official-secretary-to-the-governor-general/office-of-the-official-secretary-to-the-governor-general-annual-report-2023-24,one,https://www.transparency.gov.au/publications/prime-minister-and-cabinet/office-of-the-official-secretary-to-the-governor-general/office-of-the-official-secretary-to-the-governor-general-annual-report-2023-24/glossary%2C-abbreviations-and-acronyms,
Attorney-General's,Office of the Special Investigator,Office of the Special Investigator Annual Report 2023-24,Non-Corporate Commonwealth Entity,https://www.transparency.gov.au/publications/attorney-general-s/office-of-the-special-investigator/office-of-the-special-investigator-annual-report-2023-24,one,https://www.transparency.gov.au/publications/attorney-general-s/office-of-the-special-investigator/office-of-the-special-investigator-annual-report-2023-24/part-7-reference-material-/glossary-of-abbreviations-and-acronyms,
Communications and the Arts,Old Parliament House,"Museum of Australian Democracy at Old Parliament House Annual Report
2023–24",Corporate Commonwealth Entity,https://www.transparency.gov.au/publications/communications-and-the-arts/old-parliament-house/museum-of-australian-democracy-at-old-parliament-house-annual-report-2023-24,none,,
Health,Organ and Tissue Authority (Australian Organ and Tissue Donation and Transplantation Authority),Australian Organ and Tissue Donation and Transplantation Authority Annual Report 2023-24,Non-Corporate Commonwealth Entity,https://www.transparency.gov.au/publications/health/organ-and-tissue-authority-australian-organ-and-tissue-donation-and-transplantation-authority/australian-organ-and-tissue-donation-and-transplantation-authority-annual-report-2023-24,both,https://www.transparency.gov.au/publications/health/organ-and-tissue-authority-australian-organ-and-tissue-donation-and-transplantation-authority/australian-organ-and-tissue-donation-and-transplantation-authority-annual-report-2023-24/part-5-%2F-appendices/appendix-5%3A-glossary,https://www.transparency.gov.au/publications/health/organ-and-tissue-authority-australian-organ-and-tissue-donation-and-transplantation-authority/australian-organ-and-tissue-donation-and-transplantation-authority-annual-report-2023-24/part-5-%2F-appendices/appendix-4%3A-abbreviations
Prime Minister and Cabinet,Outback Stores Pty Ltd,Outback Stores Pty Ltd Annual Report 2023-24,Commonwealth Company,https://www.transparency.gov.au/publications/prime-minister-and-cabinet/outback-stores-pty-ltd/outback-stores-pty-ltd-annual-report-2023-24,none,,
Parliamentary Departments (not a portfolio),Parliamentary Budget Office,Parliamentary Budget Office Annual Report 2023-24,Non-Corporate Commonwealth Entity,https://www.transparency.gov.au/publications/parliamentary-departments-not-a-portfolio/parliamentary-budget-office/parliamentary-budget-office-annual-report-2023-24,both,https://www.transparency.gov.au/publications/parliamentary-departments-not-a-portfolio/parliamentary-budget-office/parliamentary-budget-office-annual-report-2023-24/references/glossary,https://www.transparency.gov.au/publications/parliamentary-departments-not-a-portfolio/parliamentary-budget-office/parliamentary-budget-office-annual-report-2023-24/references/abbreviations-and-acronyms
Finance,Parliamentary Workplace Support Service,Parliamentary Workplace Support Service Annual Report 2023-24 ,Non-Corporate Commonwealth Entity,https://www.transparency.gov.au/publications/finance/parliamentary-workplace-support-service/parliamentary-workplace-support-service-annual-report-2023-24,one,https://www.transparency.gov.au/publications/finance/parliamentary-workplace-support-service/parliamentary-workplace-support-service-annual-report-2023-24/part-5.-appendices/appendix-g--abbreviations-and-acronyms,
Treasury,Productivity Commission,Annual Report 2023-24,Non-Corporate Commonwealth Entity,https://www.transparency.gov.au/publications/treasury/productivity-commission/annual-report-2023-24,one,https://www.transparency.gov.au/publications/treasury/productivity-commission/annual-report-2023-24/abbreviations,
Health,Professional Services Review,Professional Services Review Annual Report 2023–24,Non-Corporate Commonwealth Entity,https://www.transparency.gov.au/publications/health/professional-services-review/professional-services-review-annual-report-2023-24,none,,
Defence,RAAF Welfare Recreational Company,RAAF Welfare Recreational Company Annual Report 2023-24,Commonwealth Company,https://www.transparency.gov.au/publications/defence/raaf-welfare-recreational-company/raaf-welfare-recreational-company-annual-report-2023-24,none,,
Agriculture,Regional Investment Corporation,Regional Investment Corporation Annual Report 2023-24,Corporate Commonwealth Entity,https://www.transparency.gov.au/publications/agriculture/regional-investment-corporation/regional-investment-corporation-annual-report-2023-24,none,,
Treasury,Reserve Bank of Australia,Reserve Bank of Australia Annual Report 2023-24,Corporate Commonwealth Entity,https://www.transparency.gov.au/publications/treasury/reserve-bank-of-australia/reserve-bank-of-australia-annual-report-2023-24,one,https://www.transparency.gov.au/publications/treasury/reserve-bank-of-australia/reserve-bank-of-australia-annual-report-2023-24/part-5%3A-indexes/5.5-abbreviations,
Defence,Royal Australian Air Force Veterans' Residences Trust Fund,Royal Australian Air Force Veterans' Residences Trust Fund Annual Report 2023-24,Corporate Commonwealth Entity,https://www.transparency.gov.au/publications/defence/royal-australian-air-force-veterans-residences-trust-fund/royal-australian-air-force-veterans-residences-trust-fund-annual-report-2023-24,none,,
Defence,Royal Australian Air Force Welfare Trust Fund,Royal Australian Air Force Welfare Fund Annual Report 1 July 2023 to 30 June 2024,Corporate Commonwealth Entity,https://www.transparency.gov.au/publications/defence/royal-australian-air-force-welfare-trust-fund/royal-australian-air-force-welfare-fund-annual-report-1-july-2023-to-30-june-2024,none,,
Treasury,Royal Australian Mint,Annual Report Royal Australian Mint 2023 -2024,Non-Corporate Commonwealth Entity,https://www.transparency.gov.au/publications/treasury/royal-australian-mint/annual-report-royal-australian-mint-2023-2024,both,https://www.transparency.gov.au/publications/treasury/royal-australian-mint/annual-report-royal-australian-mint-2023-2024/09-indices/glossary,https://www.transparency.gov.au/publications/treasury/royal-australian-mint/annual-report-royal-australian-mint-2023-2024/09-indices/abbreviations-and-acronyms
Defence,Royal Australian Navy Relief Trust Fund,Royal Australian Navy Relief Trust Fund Annual Report 2023-24,Corporate Commonwealth Entity,https://www.transparency.gov.au/publications/defence/royal-australian-navy-relief-trust-fund/royal-australian-navy-relief-trust-fund-annual-report-2023-24,none,,
Agriculture,Rural Industries Research and Development Corporation,AgriFutures Australia Annual Report 2023-2024,Corporate Commonwealth Entity,https://www.transparency.gov.au/publications/agriculture/rural-industries-research-and-development-corporation/agrifutures-australia-annual-report-2023-2024,one,https://www.transparency.gov.au/publications/agriculture/rural-industries-research-and-development-corporation/agrifutures-australia-annual-report-2023-2024/appendices/appendix-4%3A-glossary,
Attorney-General's,Safe Work Australia,Safe Work Australia Annual Report 2023-24,Non-Corporate Commonwealth Entity,https://www.transparency.gov.au/publications/attorney-general-s/safe-work-australia/safe-work-australia-annual-report-2023-24,both,https://www.transparency.gov.au/publications/attorney-general-s/safe-work-australia/safe-work-australia-annual-report-2023-24/part-8-%E2%80%93-references/glossary-of-terms,https://www.transparency.gov.au/publications/attorney-general-s/safe-work-australia/safe-work-australia-annual-report-2023-24/part-8-%E2%80%93-references/acronyms-and-abbreviations
Communications and the Arts,Screen Australia,Screen Australia Annual Report 2023-2024,Corporate Commonwealth Entity,https://www.transparency.gov.au/publications/communications-and-the-arts/screen-australia/screen-australia-annual-report-2023-2024,none,,
Attorney-General's,"Seafarers Safety, Rehabilitation and Compensation Authority (Seacare Authority)","Seafarers Safety, Rehabilitation and Compensation Authority Annual Report 2023-24",Non-Corporate Commonwealth Entity,https://www.transparency.gov.au/publications/attorney-general-s/seafarers-safety-rehabilitation-and-compensation-authority-seacare-authority/seafarers-safety-rehabilitation-and-compensation-authority-annual-report-2023-24,one,https://www.transparency.gov.au/publications/attorney-general-s/seafarers-safety-rehabilitation-and-compensation-authority-seacare-authority/seafarers-safety-rehabilitation-and-compensation-authority-annual-report-2023-24/glossary/glossary,
Services Australia,Services Australia,Services Australia Annual Report 2023-24,Non-Corporate Commonwealth Entity,https://www.transparency.gov.au/publications/services-australia/services-australia/services-australia-annual-report-2023-24,one,https://www.transparency.gov.au/publications/services-australia/services-australia/services-australia-annual-report-2023-24/part-11%3A-appendices/appendix-e---glossary-of-abbreviations-and-acronyms,
"Climate Change, Energy, the Environment and Water",Snowy Hydro Limited,Snowy Hydro Limited Annual Report 2023-24,Commonwealth Company,https://www.transparency.gov.au/publications/climate-change-energy-the-environment-and-water/snowy-hydro-limited/snowy-hydro-limited-annual-report-2023-24,none,,
Communications and the Arts,Special Broadcasting Service Corporation,Special Broadcasting Service Corporation Annual Report 2023-24,Corporate Commonwealth Entity,https://www.transparency.gov.au/publications/communications-and-the-arts/special-broadcasting-service-corporation/special-broadcasting-service-corporation-annual-report-2023-24,none,,
Health,Sport Integrity Australia,Sport Integrity Australia Annual Report 2023-24,Non-Corporate Commonwealth Entity,https://www.transparency.gov.au/publications/health/sport-integrity-australia/sport-integrity-australia-annual-report-2023-24,both,https://www.transparency.gov.au/publications/health/sport-integrity-australia/sport-integrity-australia-annual-report-2023-24/navigation-aids/glossary,https://www.transparency.gov.au/publications/health/sport-integrity-australia/sport-integrity-australia-annual-report-2023-24/navigation-aids/acronyms-and-abbreviations
"Agriculture, Water and the Environment",Sydney Harbour Federation Trust,Sydney Harbour Federation Trust Annual Report 2023-24,Corporate Commonwealth Entity,https://www.transparency.gov.au/publications/agriculture-water-and-the-environment/sydney-harbour-federation-trust/sydney-harbour-federation-trust-annual-report-2023-24,one,https://www.transparency.gov.au/publications/agriculture-water-and-the-environment/sydney-harbour-federation-trust/sydney-harbour-federation-trust-annual-report-2023-24/abbreviations-and-acronyms,
Education,Tertiary Education Quality and Standards Agency,Tertiary Education Quality and Standards Agency Annual Report 2023–24,Non-Corporate Commonwealth Entity,https://www.transparency.gov.au/publications/education/tertiary-education-quality-and-standards-agency/tertiary-education-quality-and-standards-agency-annual-report-2023-24,one,https://www.transparency.gov.au/publications/education/tertiary-education-quality-and-standards-agency/tertiary-education-quality-and-standards-agency-annual-report-2023-24/part-5%3A-appendices/glossary-of-abbreviations%2C-acronyms-and-definitions,
Prime Minister and Cabinet,Tiwi Land Council,Annual Report 2023-2024,Corporate Commonwealth Entity,https://www.transparency.gov.au/publications/prime-minister-and-cabinet/tiwi-land-council/annual-report-2023-2024,one,https://www.transparency.gov.au/publications/prime-minister-and-cabinet/tiwi-land-council/annual-report-2023-2024/part-5%3A-appendices/glossary-,
Prime Minister and Cabinet,Torres Strait Regional Authority,Torres Strait Regional Authority Annual Report 2023-24,Corporate Commonwealth Entity,https://www.transparency.gov.au/publications/prime-minister-and-cabinet/torres-strait-regional-authority/torres-strait-regional-authority-annual-report-2023-24,one,https://www.transparency.gov.au/publications/prime-minister-and-cabinet/torres-strait-regional-authority/torres-strait-regional-authority-annual-report-2023-24/part-5%3A-abbreviations-and-requirements/list-of-abbreviations,
Foreign Affairs and Trade,Tourism Australia,Tourism Australia Annual Report 2023-24,Corporate Commonwealth Entity,https://www.transparency.gov.au/publications/foreign-affairs-and-trade/tourism-australia/tourism-australia-annual-report-2023-24,both,https://www.transparency.gov.au/publications/foreign-affairs-and-trade/tourism-australia/tourism-australia-annual-report-2023-24/7.-appendix/7.4-glossary,https://www.transparency.gov.au/publications/foreign-affairs-and-trade/tourism-australia/tourism-australia-annual-report-2023-24/7.-appendix/7.5-abbreviations-and-acronyms
"Infrastructure, Transport, Cities and Regional Development",WSA Co Ltd,WSA Co Limited Annual Report 2023–24,Commonwealth Company,https://www.transparency.gov.au/publications/infrastructure-transport-cities-and-regional-development/wsa-co-ltd/wsa-co-limited-annual-report-2023-24,both,https://www.transparency.gov.au/publications/infrastructure-transport-cities-and-regional-development/wsa-co-ltd/wsa-co-limited-annual-report-2023-24/12.-glossary-and-abbreviations,https://www.transparency.gov.au/publications/infrastructure-transport-cities-and-regional-development/wsa-co-ltd/wsa-co-limited-annual-report-2023-24/12.-glossary-and-abbreviations
Agriculture,Wine Australia,Wine Australia Annual Report 2023-24,Corporate Commonwealth Entity,https://www.transparency.gov.au/publications/agriculture/wine-australia/wine-australia-annual-report-2023-24,one,https://www.transparency.gov.au/publications/agriculture/wine-australia/wine-australia-annual-report-2023-24/appendices/appendix-ii%3A-glossary,
Prime Minister and Cabinet,Workplace Gender Equality Agency,Workplace Gender Equality Agency Annual Report 2023-24,Non-Corporate Commonwealth Entity,https://www.transparency.gov.au/publications/prime-minister-and-cabinet/workplace-gender-equality-agency/workplace-gender-equality-agency-annual-report-2023-24,one,https://www.transparency.gov.au/publications/prime-minister-and-cabinet/workplace-gender-equality-agency/workplace-gender-equality-agency-annual-report-2023-24/overview/glossary-and-acronyms,
Prime Minister and Cabinet,Wreck Bay Aboriginal Community Council,Wreck Bay Aboriginal Community Council Annual Report 2023-24,Corporate Commonwealth Entity,https://www.transparency.gov.au/publications/prime-minister-and-cabinet/wreck-bay-aboriginal-community-council/wreck-bay-aboriginal-community-council-annual-report-2023-24,none,,
