Portfolio,Entity,Annual Report Url,Type of Glossary,Glossary Url,Entity Website
Finance,asc pty ltd,https:/www.transparency.gov.au/publications/finance/asc-pty-ltd/annual-report-2024,glossary,https:/www.transparency.gov.au/publications/finance/asc-pty-ltd/annual-report-2024/glossary,http://www.asc.com.au/
Attorney-General's,administrative appeals tribunal,https:/www.transparency.gov.au/publications/attorney-general-s/administrative-appeals-tribunal/administrative-appeals-tribunal-annual-report-2023-24,glossary,https:/www.transparency.gov.au/publications/attorney-general-s/administrative-appeals-tribunal/administrative-appeals-tribunal-annual-report-2023-24/glossary,https://www.art.gov.au/
Health,aged care quality and safety commission,https:/www.transparency.gov.au/publications/health/aged-care-quality-and-safety-commission/aged-care-quality-and-safety-commission-annual-report-2023-2024,glossary,https:/www.transparency.gov.au/publications/health/aged-care-quality-and-safety-commission/aged-care-quality-and-safety-commission-annual-report-2023-2024/glossary-,https://www.agedcarequality.gov.au/
"Infrastructure, Transport, Cities and Regional Development",airservices australia,https:/www.transparency.gov.au/publications/infrastructure-transport-cities-and-regional-development/airservices-australia/airservices-australia-annual-report-2023-24,acronym,https:/www.transparency.gov.au/publications/infrastructure-transport-cities-and-regional-development/airservices-australia/airservices-australia-annual-report-2023-24/appendices/appendix-d%3A-acronyms,http://www.airservicesaustralia.com
Prime Minister and Cabinet,anindilyakwa land council,https:/www.transparency.gov.au/publications/prime-minister-and-cabinet/anindilyakwa-land-council/anindilyakwa-land-council-annual-report-2023-24,acronym,https:/www.transparency.gov.au/publications/prime-minister-and-cabinet/anindilyakwa-land-council/anindilyakwa-land-council-annual-report-2023-24/part-1%3A-introduction-to-this-report/1.02-acronyms,http://www.anindilyakwa.com.au
Defence,army and air force canteen service,https:/www.transparency.gov.au/publications/defence/army-and-air-force-canteen-service/aafcans-army-air-force-canteen-service,abbreviation,https:/www.transparency.gov.au/publications/defence/army-and-air-force-canteen-service/aafcans-army-air-force-canteen-service/appendix-4%3A-terms-and-abbreviations-,http://www.aafcans.gov.au
Employment and Workplace Relations,asbestos and silica safety and eradication agency,https:/www.transparency.gov.au/publications/employment-and-workplace-relations/asbestos-and-silica-safety-and-eradication-agency/asbestos-and-silica-safety-and-eradication-agency-annual-report-2023-24,mixed,https:/www.transparency.gov.au/publications/employment-and-workplace-relations/asbestos-and-silica-safety-and-eradication-agency/asbestos-and-silica-safety-and-eradication-agency-annual-report-2023-24/section-6---reference-and-index/6.1-glossary-of-abbreviations-and-acronyms,http://www.asbestossafety.gov.au
Attorney-General's,attorney-general's department,https:/www.transparency.gov.au/publications/attorney-general-s/attorney-generals-department/attorney-general-s-department-annual-report-2023-24,mixed,https:/www.transparency.gov.au/publications/attorney-general-s/attorney-generals-department/attorney-general-s-department-annual-report-2023-24/glossary-of-abbreviations-and-acronyms,https://www.ag.gov.au
Communications and the Arts,australian broadcasting corporation,https:/www.transparency.gov.au/publications/communications-and-the-arts/australian-broadcasting-corporation/australian-broadcasting-corporation-annual-report-2023-24,abbreviation,https:/www.transparency.gov.au/publications/communications-and-the-arts/australian-broadcasting-corporation/australian-broadcasting-corporation-annual-report-2023-24/abbreviations-list,http://www.abc.net.au/
Treasury,australian bureau of statistics,https:/www.transparency.gov.au/publications/treasury/australian-bureau-of-statistics/australian-bureau-of-statistics-annual-report-2023-24,mixed,https:/www.transparency.gov.au/publications/treasury/australian-bureau-of-statistics/australian-bureau-of-statistics-annual-report-2023-24/reference-material/abbreviations-and-acronyms,http://www.abs.gov.au
Treasury,australian bureau of statistics,https:/www.transparency.gov.au/publications/treasury/australian-bureau-of-statistics/australian-bureau-of-statistics-annual-report-2023-24,glossary,https:/www.transparency.gov.au/publications/treasury/australian-bureau-of-statistics/australian-bureau-of-statistics-annual-report-2023-24/reference-material/glossary,http://www.abs.gov.au
Foreign Affairs and Trade,australian centre for international agricultural research (aciar),https:/www.transparency.gov.au/publications/foreign-affairs-and-trade/australian-centre-for-international-agricultural-research-aciar/australian-centre-for-international-agricultural-research-annual-report-2023-24,mixed,https:/www.transparency.gov.au/publications/foreign-affairs-and-trade/australian-centre-for-international-agricultural-research-aciar/australian-centre-for-international-agricultural-research-annual-report-2023-24/part-6-reference-material/abbreviations-and-acronyms,http://www.aciar.gov.au
Communications and the Arts,australian communications and media authority (acma),https:/www.transparency.gov.au/publications/communications-and-the-arts/australian-communications-and-media-authority-acma/australian-communications-and-media-authority-and-esafety-commissioner-annual-report-2023-24,glossary,https:/www.transparency.gov.au/publications/communications-and-the-arts/australian-communications-and-media-authority-acma/australian-communications-and-media-authority-and-esafety-commissioner-annual-report-2023-24/glossary,http://www.acma.gov.au/
Treasury,australian competition and consumer commission (accc),https:/www.transparency.gov.au/publications/treasury/australian-competition-and-consumer-commission-accc/accc-and-aer-annual-report-2023-24,mixed,https:/www.transparency.gov.au/publications/treasury/australian-competition-and-consumer-commission-accc/accc-and-aer-annual-report-2023-24/part-6---appendixes/glossary-and-abbreviations,http://www.accc.gov.au
Attorney-General's,australian criminal intelligence commission,https:/www.transparency.gov.au/publications/attorney-general-s/australian-criminal-intelligence-commission/australian-criminal-intelligence-commission-annual-report-2023-24,abbreviation,https:/www.transparency.gov.au/publications/attorney-general-s/australian-criminal-intelligence-commission/australian-criminal-intelligence-commission-annual-report-2023-24/section-5%3A-appendices-and-references/list-of-abbreviations,http://www.acic.gov.au
Attorney-General's,australian criminal intelligence commission,https:/www.transparency.gov.au/publications/attorney-general-s/australian-criminal-intelligence-commission/australian-criminal-intelligence-commission-annual-report-2023-24,glossary,https:/www.transparency.gov.au/publications/attorney-general-s/australian-criminal-intelligence-commission/australian-criminal-intelligence-commission-annual-report-2023-24/section-5%3A-appendices-and-references/glossary,http://www.acic.gov.au
Finance,australian electoral commission,https:/www.transparency.gov.au/publications/finance/australian-electoral-commission/australian-electoral-commission-annual-report-2023-24,glossary,https:/www.transparency.gov.au/publications/finance/australian-electoral-commission/australian-electoral-commission-annual-report-2023-24/08---reader-guides-/glossary,http://aec.gov.au
Finance,australian electoral commission,https:/www.transparency.gov.au/publications/finance/australian-electoral-commission/australian-electoral-commission-annual-report-2023-24,mixed,https:/www.transparency.gov.au/publications/finance/australian-electoral-commission/australian-electoral-commission-annual-report-2023-24/08---reader-guides-/abbreviations-and-acronyms,http://aec.gov.au
Attorney-General's,australian federal police,https:/www.transparency.gov.au/publications/attorney-general-s/australian-federal-police/australian-federal-police-annual-report-2023-24,mixed,https:/www.transparency.gov.au/publications/attorney-general-s/australian-federal-police/australian-federal-police-annual-report-2023-24/reference-material/abbreviations-and-acronyms,http://www.afp.gov.au/
Attorney-General's,australian financial security authority,https:/www.transparency.gov.au/publications/attorney-general-s/australian-financial-security-authority/australian-financial-security-authority-annual-report-2023-24,mixed,https:/www.transparency.gov.au/publications/attorney-general-s/australian-financial-security-authority/australian-financial-security-authority-annual-report-2023-24/abbreviations-and-acronyms,https://www.afsa.gov.au/
Agriculture,australian fisheries management authority,https:/www.transparency.gov.au/publications/agriculture/australian-fisheries-management-authority/australian-fisheries-management-authority-annual-report-2023-24,glossary,https:/www.transparency.gov.au/publications/agriculture/australian-fisheries-management-authority/australian-fisheries-management-authority-annual-report-2023-24/references/glossary,http://www.afma.gov.au/
Agriculture,australian fisheries management authority,https:/www.transparency.gov.au/publications/agriculture/australian-fisheries-management-authority/australian-fisheries-management-authority-annual-report-2023-24,mixed,https:/www.transparency.gov.au/publications/agriculture/australian-fisheries-management-authority/australian-fisheries-management-authority-annual-report-2023-24/references/abbreviations-and-acronyms,http://www.afma.gov.au/
Services Australia,australian hearing services (hearing australia),https:/www.transparency.gov.au/publications/services-australia/australian-hearing-services-hearing-australia/australian-hearing-services-hearing-australia-annual-report-2023-24,glossary,https:/www.transparency.gov.au/publications/services-australia/australian-hearing-services-hearing-australia/australian-hearing-services-hearing-australia-annual-report-2023-24/glossary,http://www.hearing.com.au
Prime Minister and Cabinet,australian institute of aboriginal and torres strait islander studies,https:/www.transparency.gov.au/publications/prime-minister-and-cabinet/australian-institute-of-aboriginal-and-torres-strait-islander-studies/australian-institute-of-aboriginal-and-torres-strait-islander-studies-annual-report-2023-2024,mixed,https:/www.transparency.gov.au/publications/prime-minister-and-cabinet/australian-institute-of-aboriginal-and-torres-strait-islander-studies/australian-institute-of-aboriginal-and-torres-strait-islander-studies-annual-report-2023-2024/part-7.-aids-to-access/abbreviations-and-acronyms,http://aiatsis.gov.au/
Attorney-General's,australian institute of criminology,https:/www.transparency.gov.au/publications/attorney-general-s/australian-institute-of-criminology/annual-report-2023-24,acronym,https:/www.transparency.gov.au/publications/attorney-general-s/australian-institute-of-criminology/annual-report-2023-24/about-this-report/acronyms,https://www.aic.gov.au/
Social Services,australian institute of family studies (aifs),https:/www.transparency.gov.au/publications/social-services/australian-institute-of-family-studies-aifs/australian-institute-of-family-studies-annual-report-2023-24,mixed,https:/www.transparency.gov.au/publications/social-services/australian-institute-of-family-studies-aifs/australian-institute-of-family-studies-annual-report-2023-24/appendices/appendix-d%3A-acronyms-and-abbreviations,https://aifs.gov.au/
Health,australian institute of health and welfare,https:/www.transparency.gov.au/publications/health/australian-institute-of-health-and-welfare/australian-institute-of-health-and-welfare-annual-report-2023-24,mixed,https:/www.transparency.gov.au/publications/health/australian-institute-of-health-and-welfare/australian-institute-of-health-and-welfare-annual-report-2023-24/user-guide---acronyms-and-abbreviations,http://www.aihw.gov.au
"Climate Change, Energy, the Environment and Water",australian institute of marine science,https:/www.transparency.gov.au/publications/climate-change-energy-the-environment-and-water/australian-institute-of-marine-science/australian-institute-of-marine-science-annual-report-2023-24,acronym,https:/www.transparency.gov.au/publications/climate-change-energy-the-environment-and-water/australian-institute-of-marine-science/australian-institute-of-marine-science-annual-report-2023-24/chapter-6%3A-appendices-and-indexes/index%3A-acronyms,http://www.aims.gov.au/
Attorney-General's,australian law reform commission,https:/www.transparency.gov.au/publications/attorney-general-s/australian-law-reform-commission/australian-law-reform-commission-annual-report-2023-24,glossary,https:/www.transparency.gov.au/publications/attorney-general-s/australian-law-reform-commission/australian-law-reform-commission-annual-report-2023-24/glossary,http://www.alrc.gov.au/
Prime Minister and Cabinet,australian national audit office,https:/www.transparency.gov.au/publications/prime-minister-and-cabinet/australian-national-audit-office/australian-national-audit-office-annual-report-2023-24,mixed,https:/www.transparency.gov.au/publications/prime-minister-and-cabinet/australian-national-audit-office/australian-national-audit-office-annual-report-2023-24/abbreviations-and-acronyms,http://www.anao.gov.au
"Industry, Innovation and Science",australian nuclear science and technology organisation,https:/www.transparency.gov.au/publications/industry-innovation-and-science/australian-nuclear-science-and-technology-organisation/australian-nuclear-science-and-technology-organisation-annual-report-2023-24,glossary,https:/www.transparency.gov.au/publications/industry-innovation-and-science/australian-nuclear-science-and-technology-organisation/australian-nuclear-science-and-technology-organisation-annual-report-2023-24/appendices-and-index/glossary,http://www.ansto.gov.au/
Treasury,australian office of financial management (aofm),https:/www.transparency.gov.au/publications/treasury/australian-office-of-financial-management-aofm/australian-office-of-financial-management-annual-report-2023-24,mixed,https:/www.transparency.gov.au/publications/treasury/australian-office-of-financial-management-aofm/australian-office-of-financial-management-annual-report-2023-24/part-5%3A-aids-to-access/glossary-of-abbreviations,http://www.aofm.gov.au
Agriculture,australian pesticides and veterinary medicines authority (apvma),https:/www.transparency.gov.au/publications/agriculture/australian-pesticides-and-veterinary-medicines-authority-apvma/australian-pesticides-and-veterinary-medicines-authority-annual-report-2023-24,mixed,https:/www.transparency.gov.au/publications/agriculture/australian-pesticides-and-veterinary-medicines-authority-apvma/australian-pesticides-and-veterinary-medicines-authority-annual-report-2023-24/acronyms-and-abbreviations%2C-glossary%2C-and-list-of-requirements/glossary,https://apvma.gov.au/
Agriculture,australian pesticides and veterinary medicines authority (apvma),https:/www.transparency.gov.au/publications/agriculture/australian-pesticides-and-veterinary-medicines-authority-apvma/australian-pesticides-and-veterinary-medicines-authority-annual-report-2023-24,mixed,https:/www.transparency.gov.au/publications/agriculture/australian-pesticides-and-veterinary-medicines-authority-apvma/australian-pesticides-and-veterinary-medicines-authority-annual-report-2023-24/acronyms-and-abbreviations%2C-glossary%2C-and-list-of-requirements/acronyms-and-abbreviations,https://apvma.gov.au/
Agriculture,australian pesticides and veterinary medicines authority (apvma),https:/www.transparency.gov.au/publications/agriculture/australian-pesticides-and-veterinary-medicines-authority-apvma/australian-pesticides-and-veterinary-medicines-authority-annual-report-2023-24,mixed,https:/www.transparency.gov.au/publications/agriculture/australian-pesticides-and-veterinary-medicines-authority-apvma/australian-pesticides-and-veterinary-medicines-authority-annual-report-2023-24/acronyms-and-abbreviations%2C-glossary%2C-and-list-of-requirements,https://apvma.gov.au/
Treasury,australian prudential regulation authority (apra),https:/www.transparency.gov.au/publications/treasury/australian-prudential-regulation-authority/australian-prudential-regulation-authority-annual-report-2023-24,glossary,https:/www.transparency.gov.au/publications/treasury/australian-prudential-regulation-authority/australian-prudential-regulation-authority-annual-report-2023-24/glossary,http://www.apra.gov.au
Prime Minister and Cabinet,australian public service commission,https:/www.transparency.gov.au/publications/prime-minister-and-cabinet/australian-public-service-commission/australian-public-service-commission-annual-report-2023-24,mixed,https:/www.transparency.gov.au/publications/prime-minister-and-cabinet/australian-public-service-commission/australian-public-service-commission-annual-report-2023-24/appendices/appendix-b%3A-glossary-of-abbreviations-and-acronyms,http://www.apsc.gov.au
Health,australian radiation protection and nuclear safety agency (arpansa),https:/www.transparency.gov.au/publications/health/australian-radiation-protection-and-nuclear-safety-agency-arpansa/australian-radiation-protection-and-nuclear-safety-agency-annual-report-2023-24,glossary,https:/www.transparency.gov.au/publications/health/australian-radiation-protection-and-nuclear-safety-agency-arpansa/australian-radiation-protection-and-nuclear-safety-agency-annual-report-2023-24/part-7%3A-reference-material/glossary,http://www.arpansa.gov.au
Health,australian radiation protection and nuclear safety agency (arpansa),https:/www.transparency.gov.au/publications/health/australian-radiation-protection-and-nuclear-safety-agency-arpansa/australian-radiation-protection-and-nuclear-safety-agency-annual-report-2023-24,abbreviation,https:/www.transparency.gov.au/publications/health/australian-radiation-protection-and-nuclear-safety-agency-arpansa/australian-radiation-protection-and-nuclear-safety-agency-annual-report-2023-24/part-7%3A-reference-material/abbreviations,http://www.arpansa.gov.au
Treasury,australian reinsurance pool corporation,https:/www.transparency.gov.au/publications/treasury/australian-reinsurance-pool-corporation/australian-reinsurance-pool-corporation-annual-report-2023-24,glossary,https:/www.transparency.gov.au/publications/treasury/australian-reinsurance-pool-corporation/australian-reinsurance-pool-corporation-annual-report-2023-24/8%3A-index/glossary,http://www.arpc.gov.au
Treasury,australian reinsurance pool corporation,https:/www.transparency.gov.au/publications/treasury/australian-reinsurance-pool-corporation/australian-reinsurance-pool-corporation-annual-report-2023-24,mixed,https:/www.transparency.gov.au/publications/treasury/australian-reinsurance-pool-corporation/australian-reinsurance-pool-corporation-annual-report-2023-24/8%3A-index/acronyms-and-abbreviations,http://www.arpc.gov.au
"Climate Change, Energy, the Environment and Water",australian renewable energy agency,https:/www.transparency.gov.au/publications/climate-change-energy-the-environment-and-water/australian-renewable-energy-agency/australian-renewable-energy-agency-annual-report-2023-24,glossary,https:/www.transparency.gov.au/publications/climate-change-energy-the-environment-and-water/australian-renewable-energy-agency/australian-renewable-energy-agency-annual-report-2023-24/appendix-d%3A-glossary,http://arena.gov.au/
Education,australian research council,https:/www.transparency.gov.au/publications/education/australian-research-council/australian-research-council-annual-report-2023-24,mixed,https:/www.transparency.gov.au/publications/education/australian-research-council/australian-research-council-annual-report-2023-24/part-6%3A-reference-material/abbreviations-and-acronyms,http://www.arc.gov.au
Education,australian research council,https:/www.transparency.gov.au/publications/education/australian-research-council/australian-research-council-annual-report-2023-24,glossary,https:/www.transparency.gov.au/publications/education/australian-research-council/australian-research-council-annual-report-2023-24/part-6%3A-reference-material/glossary,http://www.arc.gov.au
Treasury,australian securities and investments commission (asic),https:/www.transparency.gov.au/publications/treasury/australian-securities-and-investments-commission-asic/annual-report-2023-24,glossary,https:/www.transparency.gov.au/publications/treasury/australian-securities-and-investments-commission-asic/annual-report-2023-24/glossary,https://asic.gov.au
Home Affairs,australian security intelligence organisation,https:/www.transparency.gov.au/publications/home-affairs/australian-security-intelligence-organisation/asio-annual-report-2023-24,glossary,https:/www.transparency.gov.au/publications/home-affairs/australian-security-intelligence-organisation/asio-annual-report-2023-24/preliminaries/glossary,http://www.asio.gov.au/
Home Affairs,australian security intelligence organisation,https:/www.transparency.gov.au/publications/home-affairs/australian-security-intelligence-organisation/asio-annual-report-2023-24,abbreviation,https:/www.transparency.gov.au/publications/home-affairs/australian-security-intelligence-organisation/asio-annual-report-2023-24/preliminaries/abbreviations-and-short-forms,http://www.asio.gov.au/
Defence,australian signals directorate,https:/www.transparency.gov.au/publications/defence/australian-signals-directorate/australian-signals-directorate-annual-report-2023-24,mixed,https:/www.transparency.gov.au/publications/defence/australian-signals-directorate/australian-signals-directorate-annual-report-2023-24/glossary-of-abbreviations-and-acronyms,https://www.asd.gov.au/
"Education, Skills and Employment",australian skills quality authority (national vocational education and training regulator),https:/www.transparency.gov.au/publications/education-skills-and-employment/australian-skills-quality-authority-national-vocational-education-and-training-regulator/australian-skills-quality-authority-national-vocational-education-and-training-regulator-annual-report-2023-24,glossary,https:/www.transparency.gov.au/publications/education-skills-and-employment/australian-skills-quality-authority-national-vocational-education-and-training-regulator/australian-skills-quality-authority-national-vocational-education-and-training-regulator-annual-report-2023-24/chapter-5.-appendices/glossary,http://www.asqa.gov.au
"Education, Skills and Employment",australian skills quality authority (national vocational education and training regulator),https:/www.transparency.gov.au/publications/education-skills-and-employment/australian-skills-quality-authority-national-vocational-education-and-training-regulator/australian-skills-quality-authority-national-vocational-education-and-training-regulator-annual-report-2023-24,mixed,https:/www.transparency.gov.au/publications/education-skills-and-employment/australian-skills-quality-authority-national-vocational-education-and-training-regulator/australian-skills-quality-authority-national-vocational-education-and-training-regulator-annual-report-2023-24/chapter-5.-appendices/acronyms-and-abbreviations,http://www.asqa.gov.au
Defence,australian strategic policy institute ltd,https:/www.transparency.gov.au/publications/defence/australian-strategic-policy-institute-ltd/australian-strategic-policy-institute-annual-report-2023-24,mixed,https:/www.transparency.gov.au/publications/defence/australian-strategic-policy-institute-ltd/australian-strategic-policy-institute-annual-report-2023-24/annexes/annex-l%3A-acronyms-and-abbreviations,https://www.aspi.org.au/
Defence,australian submarine agency,https:/www.transparency.gov.au/publications/defence/australian-submarine-agency/australian-submarine-agency-annual-report-2023-24,mixed,https:/www.transparency.gov.au/publications/defence/australian-submarine-agency/australian-submarine-agency-annual-report-2023-24/chapter-5%3A-appendices/appendix-f%3A-glossary-of-abbreviations-and-acronyms,https://www.asa.gov.au
Treasury,australian taxation office,https:/www.transparency.gov.au/publications/treasury/australian-taxation-office/australian-taxation-office-annual-report-2023-24,abbreviation,https:/www.transparency.gov.au/publications/treasury/australian-taxation-office/australian-taxation-office-annual-report-2023-24/reference-material/abbreviations,http://www.ato.gov.au
Treasury,australian taxation office,https:/www.transparency.gov.au/publications/treasury/australian-taxation-office/australian-taxation-office-annual-report-2023-24,glossary,https:/www.transparency.gov.au/publications/treasury/australian-taxation-office/australian-taxation-office-annual-report-2023-24/reference-material/glossary,http://www.ato.gov.au
Foreign Affairs and Trade,australian trade and investment commission (austrade),https:/www.transparency.gov.au/publications/foreign-affairs-and-trade/australian-trade-and-investment-commission-austrade/australian-trade-and-investment-commission-annual-report-2023-24,mixed,https:/www.transparency.gov.au/publications/foreign-affairs-and-trade/australian-trade-and-investment-commission-austrade/australian-trade-and-investment-commission-annual-report-2023-24/abbreviations-and-acronyms,http://www.austrade.gov.au
Attorney-General's,australian transaction reports and analysis centre (austrac),https:/www.transparency.gov.au/publications/attorney-general-s/australian-transaction-reports-and-analysis-centre-austrac/australian-transaction-reports-and-analysis-centre-annual-report-2023-24,glossary,https:/www.transparency.gov.au/publications/attorney-general-s/australian-transaction-reports-and-analysis-centre-austrac/australian-transaction-reports-and-analysis-centre-annual-report-2023-24/glossary,http://www.austrac.gov.au
"Infrastructure, Transport, Cities and Regional Development",australian transport safety bureau (atsb),https:/www.transparency.gov.au/publications/infrastructure-transport-cities-and-regional-development/australian-transport-safety-bureau-atsb/australian-transport-safety-bureau-atsb-annual-report-2023-24,glossary,https:/www.transparency.gov.au/publications/infrastructure-transport-cities-and-regional-development/australian-transport-safety-bureau-atsb/australian-transport-safety-bureau-atsb-annual-report-2023-24/appendices/appendix-v%3A-glossary,http://www.atsb.gov.au
"Agriculture, Water and the Environment",bureau of meteorology,https:/www.transparency.gov.au/publications/agriculture-water-and-the-environment/bureau-of-meteorology/annual-report-2023-24,glossary,https:/www.transparency.gov.au/publications/agriculture-water-and-the-environment/bureau-of-meteorology/annual-report-2023-24/section-6---appendices/glossary,http://www.bom.gov.au
Health,cancer australia,https:/www.transparency.gov.au/publications/health/cancer-australia/annual-report-2023-24,glossary,https:/www.transparency.gov.au/publications/health/cancer-australia/annual-report-2023-24/glossary,http://www.canceraustralia.gov.au
Health,cancer australia,https:/www.transparency.gov.au/publications/health/cancer-australia/annual-report-2023-24,abbreviation,https:/www.transparency.gov.au/publications/health/cancer-australia/annual-report-2023-24/abbreviations,http://www.canceraustralia.gov.au
Prime Minister and Cabinet,central land council,https:/www.transparency.gov.au/publications/prime-minister-and-cabinet/central-land-council/central-land-council-annual-report-2023-24,glossary,https:/www.transparency.gov.au/publications/prime-minister-and-cabinet/central-land-council/central-land-council-annual-report-2023-24/glossary,http://www.clc.org.au
"Infrastructure, Transport, Cities and Regional Development",civil aviation safety authority,https:/www.transparency.gov.au/publications/infrastructure-transport-cities-and-regional-development/civil-aviation-safety-authority/civil-aviation-safety-authority-annual-report-2023-24,abbreviation,https:/www.transparency.gov.au/publications/infrastructure-transport-cities-and-regional-development/civil-aviation-safety-authority/civil-aviation-safety-authority-annual-report-2023-24/abbreviations-list,http://www.casa.gov.au
"Climate Change, Energy, the Environment and Water",clean energy finance corporation,https:/www.transparency.gov.au/publications/climate-change-energy-the-environment-and-water/clean-energy-finance-corporation/clean-energy-finance-corporation-annual-report-2023-24,glossary,https:/www.transparency.gov.au/publications/climate-change-energy-the-environment-and-water/clean-energy-finance-corporation/clean-energy-finance-corporation-annual-report-2023-24/appendices/glossary,https://www.cefc.com.au/
"Climate Change, Energy, the Environment and Water",clean energy finance corporation,https:/www.transparency.gov.au/publications/climate-change-energy-the-environment-and-water/clean-energy-finance-corporation/clean-energy-finance-corporation-annual-report-2023-24,abbreviation,https:/www.transparency.gov.au/publications/climate-change-energy-the-environment-and-water/clean-energy-finance-corporation/clean-energy-finance-corporation-annual-report-2023-24/appendices/abbreviations,https://www.cefc.com.au/
"Climate Change, Energy, the Environment and Water",climate change authority,https:/www.transparency.gov.au/publications/climate-change-energy-the-environment-and-water/climate-change-authority/climate-change-authority-annual-report-2023-24,glossary,https:/www.transparency.gov.au/publications/climate-change-energy-the-environment-and-water/climate-change-authority/climate-change-authority-annual-report-2023-24/glossary,http://climatechangeauthority.gov.au
"Climate Change, Energy, the Environment and Water",climate change authority,https:/www.transparency.gov.au/publications/climate-change-energy-the-environment-and-water/climate-change-authority/climate-change-authority-annual-report-2023-24,abbreviation,https:/www.transparency.gov.au/publications/climate-change-energy-the-environment-and-water/climate-change-authority/climate-change-authority-annual-report-2023-24/abbreviations,http://climatechangeauthority.gov.au
Attorney-General's,coal mining industry (long service leave funding) corporation,https:/www.transparency.gov.au/publications/attorney-general-s/coal-mining-industry-long-service-leave-funding-corporation/coal-mining-industry-long-service-leave-funding-corporation-annual-report-2023-24,mixed,https:/www.transparency.gov.au/publications/attorney-general-s/coal-mining-industry-long-service-leave-funding-corporation/coal-mining-industry-long-service-leave-funding-corporation-annual-report-2023-24/-part-5.-appendices/glossary-and-acronyms,https://www.coallsl.com.au/
Treasury,commonwealth grants commission,https:/www.transparency.gov.au/publications/treasury/commonwealth-grants-commission/commonwealth-grants-commission-annual-report-2023-24,mixed,https:/www.transparency.gov.au/publications/treasury/commonwealth-grants-commission/commonwealth-grants-commission-annual-report-2023-24/reference-material/glossary-of-acronyms-and-initialisms,http://www.cgc.gov.au
"Industry, Innovation and Science",commonwealth scientific and industrial research organisation,https:/www.transparency.gov.au/publications/industry-innovation-and-science/commonwealth-scientific-and-industrial-research-organisation/commonwealth-scientific-and-industrial-research-organisation-annual-report-2023-24,glossary,https:/www.transparency.gov.au/publications/industry-innovation-and-science/commonwealth-scientific-and-industrial-research-organisation/commonwealth-scientific-and-industrial-research-organisation-annual-report-2023-24/part-6%3A-appendices-and-indexes-/glossary,http://www.csiro.au
"Industry, Innovation and Science",commonwealth scientific and industrial research organisation,https:/www.transparency.gov.au/publications/industry-innovation-and-science/commonwealth-scientific-and-industrial-research-organisation/commonwealth-scientific-and-industrial-research-organisation-annual-report-2023-24,acronym,https:/www.transparency.gov.au/publications/industry-innovation-and-science/commonwealth-scientific-and-industrial-research-organisation/commonwealth-scientific-and-industrial-research-organisation-annual-report-2023-24/part-6%3A-appendices-and-indexes-/acronyms,http://www.csiro.au
Finance,commonwealth superannuation corporation (csc),https:/www.transparency.gov.au/publications/finance/commonwealth-superannuation-corporation-csc/commonwealth-superannuation-corporation-annual-report-2023-24,glossary,https:/www.transparency.gov.au/publications/finance/commonwealth-superannuation-corporation-csc/commonwealth-superannuation-corporation-annual-report-2023-24/10.-glossary,https://www.csc.gov.au/
Agriculture,cotton research and development corporation,https:/www.transparency.gov.au/publications/agriculture/cotton-research-and-development-corporation/cotton-research-and-development-corporation-annual-report-2023-24,abbreviation,https:/www.transparency.gov.au/publications/agriculture/cotton-research-and-development-corporation/cotton-research-and-development-corporation-annual-report-2023-24/section-6%3A-appendices/appendix-7%3A-abbreviations-list,http://crdc.com.au/
Defence,defence housing australia,https:/www.transparency.gov.au/publications/defence/defence-housing-australia/defence-housing-australia-annual-report-2023-24,mixed,https:/www.transparency.gov.au/publications/defence/defence-housing-australia/defence-housing-australia-annual-report-2023-24/part-6---appendices-and-reference-information/appendix-i---acronyms-and-abbreviations,http://www.dha.gov.au
"Agriculture, Fisheries and Forestry","department of agriculture, fisheries and forestry",https:/www.transparency.gov.au/publications/agriculture-fisheries-and-forestry/department-of-agriculture-fisheries-and-forestry/department-of-agriculture-fisheries-and-forestry-annual-report-2023-24,glossary,https:/www.transparency.gov.au/publications/agriculture-fisheries-and-forestry/department-of-agriculture-fisheries-and-forestry/department-of-agriculture-fisheries-and-forestry-annual-report-2023-24/part-6%3A-aids-to-access/glossary,https://www.agriculture.gov.au/
"Climate Change, Energy, the Environment and Water","department of climate change, energy, the environment and water",https:/www.transparency.gov.au/publications/climate-change-energy-the-environment-and-water/department-of-climate-change-energy-the-environment-and-water/department-of-climate-change-energy-the-environment-and-water-annual-report-2023-24,mixed,https:/www.transparency.gov.au/publications/climate-change-energy-the-environment-and-water/department-of-climate-change-energy-the-environment-and-water/department-of-climate-change-energy-the-environment-and-water-annual-report-2023-24/part-7-%E2%80%93-aids-to-access/abbreviations-and-acronyms,https://www.dcceew.gov.au/
Defence,department of defence,https:/www.transparency.gov.au/publications/defence/department-of-defence/department-of-defence-annual-report-2023-24,mixed,https:/www.transparency.gov.au/publications/defence/department-of-defence/department-of-defence-annual-report-2023-24/abbreviations-and-acronyms,http://www.defence.gov.au/
Education,department of education,https:/www.transparency.gov.au/publications/education-i/department-of-education-i/department-of-education-2023-24-annual-report,mixed,https:/www.transparency.gov.au/publications/education-i/department-of-education-i/department-of-education-2023-24-annual-report/indexes/abbreviations-and-acronyms,https://www.education.gov.au/
Employment and Workplace Relations,department of employment and workplace relations,https:/www.transparency.gov.au/publications/employment-and-workplace-relations/department-of-employment-and-workplace-relations/DEWR-Annual-Report-2023-24,mixed,https:/www.transparency.gov.au/publications/employment-and-workplace-relations/department-of-employment-and-workplace-relations/DEWR-Annual-Report-2023-24/chapter-6---indexes/abbreviations-and-acronyms,https://www.dewr.gov.au
Finance,department of finance,https:/www.transparency.gov.au/publications/finance/department-of-finance/department-of-finance-annual-report-2023-24,mixed,https:/www.transparency.gov.au/publications/finance/department-of-finance/department-of-finance-annual-report-2023-24/abbreviations-and-acronyms,http://www.finance.gov.au
Foreign Affairs and Trade,department of foreign affairs and trade,https:/www.transparency.gov.au/publications/foreign-affairs-and-trade/department-of-foreign-affairs-and-trade/department-of-foreign-affairs-and-trade-annual-report-2023-24,mixed,https:/www.transparency.gov.au/publications/foreign-affairs-and-trade/department-of-foreign-affairs-and-trade/department-of-foreign-affairs-and-trade-annual-report-2023-24/abbreviations-and-acronyms,http://www.dfat.gov.au
Health and Aged Care,department of health and aged care,https:/www.transparency.gov.au/publications/health-and-aged-care/department-of-health-and-aged-care/department-of-health-and-aged-care-annual-report-2023-24,glossary,https:/www.transparency.gov.au/publications/health-and-aged-care/department-of-health-and-aged-care/department-of-health-and-aged-care-annual-report-2023-24/navigation-aids/glossary,https://www.health.gov.au/
Health and Aged Care,department of health and aged care,https:/www.transparency.gov.au/publications/health-and-aged-care/department-of-health-and-aged-care/department-of-health-and-aged-care-annual-report-2023-24,mixed,https:/www.transparency.gov.au/publications/health-and-aged-care/department-of-health-and-aged-care/department-of-health-and-aged-care-annual-report-2023-24/navigation-aids/acronyms-and-abbreviations,https://www.health.gov.au/
Home Affairs,department of home affairs,https:/www.transparency.gov.au/publications/home-affairs/department-of-home-affairs/department-of-home-affairs-2023-24-annual-report,glossary,https:/www.transparency.gov.au/publications/home-affairs/department-of-home-affairs/department-of-home-affairs-2023-24-annual-report/part-7%3A-reference-material/glossary,http://www.homeaffairs.gov.au/
Home Affairs,department of home affairs,https:/www.transparency.gov.au/publications/home-affairs/department-of-home-affairs/department-of-home-affairs-2023-24-annual-report,mixed,https:/www.transparency.gov.au/publications/home-affairs/department-of-home-affairs/department-of-home-affairs-2023-24-annual-report/part-7%3A-reference-material/abbreviations-and-acronyms,http://www.homeaffairs.gov.au/
"Industry, Science and Resources","department of industry, science and resources",https:/www.transparency.gov.au/publications/industry-science-and-resources/department-of-industry-science-and-resources/department-of-industry-science-and-resources-annual-report-2023-24,mixed,https:/www.transparency.gov.au/publications/industry-science-and-resources/department-of-industry-science-and-resources/department-of-industry-science-and-resources-annual-report-2023-24/chapter-5%3A-appendices/abbreviations-and-acronyms,http://www.industry.gov.au
"Infrastructure, Transport, Regional Development, Communications and the Arts","department of infrastructure, transport, regional development, communications and the arts",https:/www.transparency.gov.au/publications/infrastructure-transport-regional-development-communications-and-the-arts/department-of-infrastructure-transport-regional-development-communications-and-the-arts/department-of-infrastructure-transport-regional-development-communications-and-the-arts-annual-report-2023-24,mixed,https:/www.transparency.gov.au/publications/infrastructure-transport-regional-development-communications-and-the-arts/department-of-infrastructure-transport-regional-development-communications-and-the-arts/department-of-infrastructure-transport-regional-development-communications-and-the-arts-annual-report-2023-24/navigation-aids/acronyms-and-abbreviations,https://www.infrastructure.gov.au
"Infrastructure, Transport, Regional Development, Communications and the Arts","department of infrastructure, transport, regional development, communications and the arts",https:/www.transparency.gov.au/publications/infrastructure-transport-regional-development-communications-and-the-arts/department-of-infrastructure-transport-regional-development-communications-and-the-arts/department-of-infrastructure-transport-regional-development-communications-and-the-arts-annual-report-2023-24,glossary,https:/www.transparency.gov.au/publications/infrastructure-transport-regional-development-communications-and-the-arts/department-of-infrastructure-transport-regional-development-communications-and-the-arts/department-of-infrastructure-transport-regional-development-communications-and-the-arts-annual-report-2023-24/navigation-aids/glossary,https://www.infrastructure.gov.au
Parliamentary Departments (not a portfolio),department of parliamentary services,https:/www.transparency.gov.au/publications/parliamentary-departments-not-a-portfolio/department-of-parliamentary-services/department-of-parliamentary-services-annual-report-2023-2024,mixed,https:/www.transparency.gov.au/publications/parliamentary-departments-not-a-portfolio/department-of-parliamentary-services/department-of-parliamentary-services-annual-report-2023-2024/part-9%3A-reference-material/acronyms-and-abbreviations,http://www.aph.gov.au/About_Parliament/Parliamentary_Departments/Department_of_Parliamentary_Services
Parliamentary Departments (not a portfolio),department of parliamentary services,https:/www.transparency.gov.au/publications/parliamentary-departments-not-a-portfolio/department-of-parliamentary-services/department-of-parliamentary-services-annual-report-2023-2024,glossary,https:/www.transparency.gov.au/publications/parliamentary-departments-not-a-portfolio/department-of-parliamentary-services/department-of-parliamentary-services-annual-report-2023-2024/part-9%3A-reference-material/glossary,http://www.aph.gov.au/About_Parliament/Parliamentary_Departments/Department_of_Parliamentary_Services
Social Services,department of social services,https:/www.transparency.gov.au/publications/social-services/department-of-social-services/department-of-social-services-2023-24-annual-report,mixed,https:/www.transparency.gov.au/publications/social-services/department-of-social-services/department-of-social-services-2023-24-annual-report/part-6---appendices-and-index/appendix-g-glossary-of-abbreviations-and-acronyms,http://www.dss.gov.au
Veterans' Affairs,department of veterans' affairs,https:/www.transparency.gov.au/publications/veterans-affairs/department-of-veterans-affairs/dva-annual-report-2023-24,mixed,https:/www.transparency.gov.au/publications/veterans-affairs/department-of-veterans-affairs/dva-annual-report-2023-24/08-aids-to-access/acronyms-and-abbreviations,http://www.dva.gov.au
Parliamentary Departments (not a portfolio),department of the house of representatives,https:/www.transparency.gov.au/publications/parliamentary-departments-not-a-portfolio/department-of-the-house-of-representatives/department-of-the-house-of-representatives-annual-report-2023-24,mixed,https:/www.transparency.gov.au/publications/parliamentary-departments-not-a-portfolio/department-of-the-house-of-representatives/department-of-the-house-of-representatives-annual-report-2023-24/abbreviations-and-acronyms,https://www.aph.gov.au/dhr
Parliamentary Departments (not a portfolio),department of the senate,https:/www.transparency.gov.au/publications/parliamentary-departments-not-a-portfolio/department-of-the-senate/department-of-the-senate-annual-report-2023-24,mixed,https:/www.transparency.gov.au/publications/parliamentary-departments-not-a-portfolio/department-of-the-senate/department-of-the-senate-annual-report-2023-24/references/glossary-and-abbreviations-list,http://www.aph.gov.au/About_Parliament/Parliamentary_Departments/Department_of_the_Senate
Treasury,department of the treasury,https:/www.transparency.gov.au/publications/treasury/department-treasury/treasury-annual-report-2023-24,mixed,https:/www.transparency.gov.au/publications/treasury/department-treasury/treasury-annual-report-2023-24/part-5---appendices/abbreviations-and-acronyms,https://treasury.gov.au/
Treasury,department of the treasury,https:/www.transparency.gov.au/publications/treasury/department-treasury/treasury-annual-report-2023-24,glossary,https:/www.transparency.gov.au/publications/treasury/department-treasury/treasury-annual-report-2023-24/part-5---appendices/glossary,https://treasury.gov.au/
Finance,digital transformation agency,https:/www.transparency.gov.au/publications/finance/digital-transformation-agency/digital-transformation-agency-annual-report-2023-24,mixed,https:/www.transparency.gov.au/publications/finance/digital-transformation-agency/digital-transformation-agency-annual-report-2023-24/appendices/appendix-d%3A-glossary-and-abbreviations,https://www.dta.gov.au
Social Services,"domestic, family and sexual violence commission",https:/www.transparency.gov.au/publications/social-services/domestic-family-and-sexual-violence-commission/domestic-family-and-sexual-violence-commission-annual-report-2023-24,mixed,https:/www.transparency.gov.au/publications/social-services/domestic-family-and-sexual-violence-commission/domestic-family-and-sexual-violence-commission-annual-report-2023-24/appendix-a%3A-other-mandatory-information/appendix-b%3A-glossary-of-abbreviations-and-acronyms,https://dfsvc.gov.au/
Foreign Affairs and Trade,"export finance and insurance corporation (efic, export finance australia)",https:/www.transparency.gov.au/publications/foreign-affairs-and-trade/export-finance-and-insurance-corporation-efic-export-finance-australia/export-finance-australia-annual-report-2023-2024,mixed,https:/www.transparency.gov.au/publications/foreign-affairs-and-trade/export-finance-and-insurance-corporation-efic-export-finance-australia/export-finance-australia-annual-report-2023-2024/appendices/appendix-f%3A-abbreviations-and-acronyms,https://www.nrf.gov.au
Attorney-General's,fair work commission,https:/www.transparency.gov.au/publications/attorney-general-s/fair-work-commission/fair-work-commission-annual-report-2023-24-access-to-justice,glossary,https:/www.transparency.gov.au/publications/attorney-general-s/fair-work-commission/fair-work-commission-annual-report-2023-24-access-to-justice/glossary,https://www.fwc.gov.au/
Attorney-General's,fair work commission,https:/www.transparency.gov.au/publications/attorney-general-s/fair-work-commission/fair-work-commission-annual-report-2023-24-access-to-justice,mixed,https:/www.transparency.gov.au/publications/attorney-general-s/fair-work-commission/fair-work-commission-annual-report-2023-24-access-to-justice/acronyms-and-abbreviations,https://www.fwc.gov.au/
Attorney-General's,federal court of australia,https:/www.transparency.gov.au/publications/attorney-general-s/federal-court-of-australia/fca-listed-entity-ar-2023-24,glossary,https:/www.transparency.gov.au/publications/attorney-general-s/federal-court-of-australia/fca-listed-entity-ar-2023-24/about-this-report/glossary,https://www.fedcourt.gov.au/
Attorney-General's,federal court of australia,https:/www.transparency.gov.au/publications/attorney-general-s/federal-court-of-australia/fca-listed-entity-ar-2023-24,mixed,https:/www.transparency.gov.au/publications/attorney-general-s/federal-court-of-australia/fca-listed-entity-ar-2023-24/about-this-report/acronyms-and-abbreviations,https://www.fedcourt.gov.au/
Agriculture,fisheries research and development corporation,https:/www.transparency.gov.au/publications/agriculture/fisheries-research-and-development-corporation/fisheries-research-and-development-corporation-2023-24,mixed,https:/www.transparency.gov.au/publications/agriculture/fisheries-research-and-development-corporation/fisheries-research-and-development-corporation-2023-24/appendices/abbreviations-and-acronyms,http://frdc.com.au
Finance,future fund management agency,https:/www.transparency.gov.au/publications/finance/future-fund-management-agency/future-fund-management-agency-annual-report-2023-24,mixed,https:/www.transparency.gov.au/publications/finance/future-fund-management-agency/future-fund-management-agency-annual-report-2023-24/08-references-and-index/glossary-of-abbreviations-and-acronyms,http://www.futurefund.gov.au
"Industry, Innovation and Science",geoscience australia,https:/www.transparency.gov.au/publications/industry-innovation-and-science/geoscience-australia/geoscience-australia-annual-report-2023-24,mixed,https:/www.transparency.gov.au/publications/industry-innovation-and-science/geoscience-australia/geoscience-australia-annual-report-2023-24/05-appendices/glossary-of-abbreviations-and-acronyms,http://www.ga.gov.au
Agriculture,grains research and development corporation,https:/www.transparency.gov.au/publications/agriculture/grains-research-and-development-corporation/grains-research-and-development-corporation-annual-report-2023-24,abbreviation,https:/www.transparency.gov.au/publications/agriculture/grains-research-and-development-corporation/grains-research-and-development-corporation-annual-report-2023-24/7.-references/abbreviations-lndex,https://grdc.com.au/
"Agriculture, Water and the Environment",great barrier reef marine park authority,https:/www.transparency.gov.au/publications/agriculture-water-and-the-environment/great-barrier-reef-marine-park-authority/great-barrier-reef-marine-park-authority-annual-report-2023-24,mixed,https:/www.transparency.gov.au/publications/agriculture-water-and-the-environment/great-barrier-reef-marine-park-authority/great-barrier-reef-marine-park-authority-annual-report-2023-24/6.-appendices/acronyms-and-abbreviations,http://www.gbrmpa.gov.au
Treasury,housing australia,https:/www.transparency.gov.au/publications/treasury/housing-australia/housing-australia-annual-report-2023-24,mixed,https:/www.transparency.gov.au/publications/treasury/housing-australia/housing-australia-annual-report-2023-24/appendix-f%3A-abbreviations-and-acronyms,www.housingaustralia.gov.au
"Industry, Innovation and Science",ip australia,https:/www.transparency.gov.au/publications/industry-innovation-and-science/ip-australia/ip-australia-annual-report-2023-24,mixed,https:/www.transparency.gov.au/publications/industry-innovation-and-science/ip-australia/ip-australia-annual-report-2023-24/part-6%3A-requirements/acronym%2Fabbreviation,https://www.ipaustralia.gov.au/
Health and Aged Care,independent health and aged care pricing authority,https:/www.transparency.gov.au/publications/health-and-aged-care/independent-health-and-aged-care-pricing-authority/independent-health-and-aged-care-pricing-authority-annual-report-2023-24,glossary,https:/www.transparency.gov.au/publications/health-and-aged-care/independent-health-and-aged-care-pricing-authority/independent-health-and-aged-care-pricing-authority-annual-report-2023-24/appendices/appendix-c-%E2%80%94-glossary,https://www.ihacpa.gov.au/
Health and Aged Care,independent health and aged care pricing authority,https:/www.transparency.gov.au/publications/health-and-aged-care/independent-health-and-aged-care-pricing-authority/independent-health-and-aged-care-pricing-authority-annual-report-2023-24,mixed,https:/www.transparency.gov.au/publications/health-and-aged-care/independent-health-and-aged-care-pricing-authority/independent-health-and-aged-care-pricing-authority-annual-report-2023-24/appendices/appendix-b-%E2%80%94-acronyms-and-abbreviations,https://www.ihacpa.gov.au/
Finance,independent parliamentary expenses authority,https:/www.transparency.gov.au/publications/finance/independent-parliamentary-expenses-authority/independent-parliamentary-expenses-authority-annual-report-2023-24,glossary,https:/www.transparency.gov.au/publications/finance/independent-parliamentary-expenses-authority/independent-parliamentary-expenses-authority-annual-report-2023-24/chapter-5.-other-mandatory-information/glossary-,https://www.ipea.gov.au/
Prime Minister and Cabinet,indigenous land and sea corporation,https:/www.transparency.gov.au/publications/prime-minister-and-cabinet/indigenous-land-and-sea-corporation/indigenous-land-and-sea-corporation-annual-report-2023-24,mixed,https:/www.transparency.gov.au/publications/prime-minister-and-cabinet/indigenous-land-and-sea-corporation/indigenous-land-and-sea-corporation-annual-report-2023-24/part-seven%3A-guide-to-access/acronyms%2C-abbreviations-and-terminology,http://www.ilc.gov.au
Treasury,inspector-general of taxation,https:/www.transparency.gov.au/publications/treasury/inspector-general-of-taxation/inspector-general-of-taxation-annual-report-2023-24,glossary,https:/www.transparency.gov.au/publications/treasury/inspector-general-of-taxation/inspector-general-of-taxation-annual-report-2023-24/part-7-%E2%80%93-reference-materials/glossary,http://www.igt.gov.au
Agriculture,murray-darling basin authority,https:/www.transparency.gov.au/publications/agriculture/murray-darling-basin-authority/murray-darling-basin-authority-annual-report-2023-24,glossary,https:/www.transparency.gov.au/publications/agriculture/murray-darling-basin-authority/murray-darling-basin-authority-annual-report-2023-24/appendices/glossary,http://www.mdba.gov.au
Agriculture,murray-darling basin authority,https:/www.transparency.gov.au/publications/agriculture/murray-darling-basin-authority/murray-darling-basin-authority-annual-report-2023-24,abbreviation,https:/www.transparency.gov.au/publications/agriculture/murray-darling-basin-authority/murray-darling-basin-authority-annual-report-2023-24/appendices/abbreviations,http://www.mdba.gov.au
Social Services,ndis quality and safeguards commission,https:/www.transparency.gov.au/publications/social-services/ndis-quality-and-safeguards-commission/ndis-quality-and-safeguards-commission-annual-report-2023-24,glossary,https:/www.transparency.gov.au/publications/social-services/ndis-quality-and-safeguards-commission/ndis-quality-and-safeguards-commission-annual-report-2023-24/appendices/3.-glossary,https://www.ndiscommission.gov.au/
Social Services,ndis quality and safeguards commission,https:/www.transparency.gov.au/publications/social-services/ndis-quality-and-safeguards-commission/ndis-quality-and-safeguards-commission-annual-report-2023-24,mixed,https:/www.transparency.gov.au/publications/social-services/ndis-quality-and-safeguards-commission/ndis-quality-and-safeguards-commission-annual-report-2023-24/appendices/4.-abbreviations-and-acronyms,https://www.ndiscommission.gov.au/
Attorney-General's,national anti-corruption commission,https:/www.transparency.gov.au/publications/attorney-general-s/national-anti-corruption-commission/national-anti-corruption-commission-annual-report-2023-24,mixed,https:/www.transparency.gov.au/publications/attorney-general-s/national-anti-corruption-commission/national-anti-corruption-commission-annual-report-2023-24/aides-to-access/acronyms-and-abbreviations,https://www.nacc.gov.au/
Attorney-General's,national anti-corruption commission,https:/www.transparency.gov.au/publications/attorney-general-s/national-anti-corruption-commission/national-anti-corruption-commission-annual-report-2023-24,glossary,https:/www.transparency.gov.au/publications/attorney-general-s/national-anti-corruption-commission/national-anti-corruption-commission-annual-report-2023-24/aides-to-access/glossary-of-data-terms,https://www.nacc.gov.au/
"Infrastructure, Transport, Regional Development, Communications and the Arts",national archives of australia,https:/www.transparency.gov.au/publications/infrastructure-transport-regional-development-communications-and-the-arts/national-archives-of-australia/national-archives-of-australia-annual-report-2023-24,mixed,https:/www.transparency.gov.au/publications/infrastructure-transport-regional-development-communications-and-the-arts/national-archives-of-australia/national-archives-of-australia-annual-report-2023-24/part-6%3A-glossary-and-indexes/abbreviations-and-acronyms,https://www.naa.gov.au/
"Infrastructure, Transport, Regional Development, Communications and the Arts",national archives of australia,https:/www.transparency.gov.au/publications/infrastructure-transport-regional-development-communications-and-the-arts/national-archives-of-australia/national-archives-of-australia-annual-report-2023-24,glossary,https:/www.transparency.gov.au/publications/infrastructure-transport-regional-development-communications-and-the-arts/national-archives-of-australia/national-archives-of-australia-annual-report-2023-24/part-6%3A-glossary-and-indexes/glossary,https://www.naa.gov.au/
Health,national blood authority,https:/www.transparency.gov.au/publications/health/national-blood-authority/national-blood-authority-annual-report-2023-24,mixed,https:/www.transparency.gov.au/publications/health/national-blood-authority/national-blood-authority-annual-report-2023-24/part-five%3A-appendixes/appendix-7.-acronyms-and-abbreviations,http://www.blood.gov.au
"Infrastructure, Transport, Cities and Regional Development",national capital authority,https:/www.transparency.gov.au/publications/infrastructure-transport-cities-and-regional-development/national-capital-authority/national-capital-authority-annual-report-2023-24,mixed,https:/www.transparency.gov.au/publications/infrastructure-transport-cities-and-regional-development/national-capital-authority/national-capital-authority-annual-report-2023-24/glossary-of-abbreviations%2C-acronyms-and-terms,http://www.nca.gov.au
Treasury,national competition council,https:/www.transparency.gov.au/publications/treasury/national-competition-council/national-competition-council-annual-report-2023-24,glossary,https:/www.transparency.gov.au/publications/treasury/national-competition-council/national-competition-council-annual-report-2023-24/glossary,http://ncc.gov.au/
Social Services,national disability insurance agency,https:/www.transparency.gov.au/publications/social-services/national-disability-insurance-agency/national-disability-insurance-agency-annual-report-2023-24,acronym,https:/www.transparency.gov.au/publications/social-services/national-disability-insurance-agency/national-disability-insurance-agency-annual-report-2023-24/6.-appendices/6.15.2-acronyms,http://www.ndis.gov.au/about-us
Home Affairs,national emergency management agency,https:/www.transparency.gov.au/publications/home-affairs/national-emergency-management-agency/national-emergency-management-agency-annual-report-2023-24,mixed,https:/www.transparency.gov.au/publications/home-affairs/national-emergency-management-agency/national-emergency-management-agency-annual-report-2023-24/appendix-2%3A-acronyms-and-abbreviations/acronyms-and-abbreviations,https://nema.gov.au/#/
Home Affairs,national emergency management agency,https:/www.transparency.gov.au/publications/home-affairs/national-emergency-management-agency/national-emergency-management-agency-annual-report-2023-24,mixed,https:/www.transparency.gov.au/publications/home-affairs/national-emergency-management-agency/national-emergency-management-agency-annual-report-2023-24/appendix-2%3A-acronyms-and-abbreviations,https://nema.gov.au/#/
Communications and the Arts,national film and sound archive of australia,https:/www.transparency.gov.au/publications/communications-and-the-arts/national-film-and-sound-archive-of-australia/national-film-and-sound-archive-annual-report-2023-24,abbreviation,https:/www.transparency.gov.au/publications/communications-and-the-arts/national-film-and-sound-archive-of-australia/national-film-and-sound-archive-annual-report-2023-24/section-four%3A-appendices/abbreviations,http://www.nfsa.gov.au
Communications and the Arts,national gallery of australia,https:/www.transparency.gov.au/publications/communications-and-the-arts/national-gallery-of-australia/national-gallery-of-australia-annual-report-2023-24,mixed,https:/www.transparency.gov.au/publications/communications-and-the-arts/national-gallery-of-australia/national-gallery-of-australia-annual-report-2023-24/part-6%3A-appendices/abbreviations-and-acronyms,http://nga.gov.au
Health,national health funding body (nhfb),https:/www.transparency.gov.au/publications/health/national-health-funding-body-nhfb/national-health-funding-body-annual-report-2023-24,mixed,https:/www.transparency.gov.au/publications/health/national-health-funding-body-nhfb/national-health-funding-body-annual-report-2023-24/part-5%3A-reference-information/abbreviations-and-acronyms,http://www.nhfb.gov.au
Health,national health funding body (nhfb),https:/www.transparency.gov.au/publications/health/national-health-funding-body-nhfb/national-health-funding-body-annual-report-2023-24,glossary,https:/www.transparency.gov.au/publications/health/national-health-funding-body-nhfb/national-health-funding-body-annual-report-2023-24/part-5%3A-reference-information/glossary,http://www.nhfb.gov.au
Health,national health and medical research council (nhmrc),https:/www.transparency.gov.au/publications/health/national-health-and-medical-research-council-nhmrc/annual-report-2023-24,mixed,https:/www.transparency.gov.au/publications/health/national-health-and-medical-research-council-nhmrc/annual-report-2023-24/appendices/appendix-4%3A-abbreviations-and-acronyms,http://www.nhmrc.gov.au
Prime Minister and Cabinet,national indigenous australians agency,https:/www.transparency.gov.au/publications/prime-minister-and-cabinet/national-indigenous-australians-agency/national-indigenous-australians-agency-annual-report-2023-24,glossary,https:/www.transparency.gov.au/publications/prime-minister-and-cabinet/national-indigenous-australians-agency/national-indigenous-australians-agency-annual-report-2023-24/section-6---glossary-and-indexes/glossary,https://www.niaa.gov.au
Prime Minister and Cabinet,national indigenous australians agency,https:/www.transparency.gov.au/publications/prime-minister-and-cabinet/national-indigenous-australians-agency/national-indigenous-australians-agency-annual-report-2023-24,glossary,https:/www.transparency.gov.au/publications/prime-minister-and-cabinet/national-indigenous-australians-agency/national-indigenous-australians-agency-annual-report-2023-24/section-6---glossary-and-indexes,https://www.niaa.gov.au
Prime Minister and Cabinet,national indigenous australians agency,https:/www.transparency.gov.au/publications/prime-minister-and-cabinet/national-indigenous-australians-agency/national-indigenous-australians-agency-annual-report-2023-24,mixed,https:/www.transparency.gov.au/publications/prime-minister-and-cabinet/national-indigenous-australians-agency/national-indigenous-australians-agency-annual-report-2023-24/section-6---glossary-and-indexes/abbreviations,https://www.niaa.gov.au
"Infrastructure, Transport, Regional Development, Communications and the Arts",national intermodal corporation limited,https:/www.transparency.gov.au/publications/infrastructure-transport-regional-development-communications-and-the-arts/national-intermodal-corporation-limited/national-intermodal-annual-report-2024,mixed,https:/www.transparency.gov.au/publications/infrastructure-transport-regional-development-communications-and-the-arts/national-intermodal-corporation-limited/national-intermodal-annual-report-2024/6.-reporting-index/glossary-and-abbreviations,http://www.micl.com.au
Communications and the Arts,national library of australia,https:/www.transparency.gov.au/publications/communications-and-the-arts/national-library-of-australia/national-library-of-australia-annual-report-2023-24,glossary,https:/www.transparency.gov.au/publications/communications-and-the-arts/national-library-of-australia/national-library-of-australia-annual-report-2023-24/glossary-and-indices,http://www.nla.gov.au/
Communications and the Arts,national library of australia,https:/www.transparency.gov.au/publications/communications-and-the-arts/national-library-of-australia/national-library-of-australia-annual-report-2023-24,glossary,https:/www.transparency.gov.au/publications/communications-and-the-arts/national-library-of-australia/national-library-of-australia-annual-report-2023-24/glossary-and-indices/compliance-index,http://www.nla.gov.au/
Communications and the Arts,national library of australia,https:/www.transparency.gov.au/publications/communications-and-the-arts/national-library-of-australia/national-library-of-australia-annual-report-2023-24,glossary,https:/www.transparency.gov.au/publications/communications-and-the-arts/national-library-of-australia/national-library-of-australia-annual-report-2023-24/glossary-and-indices/glossary,http://www.nla.gov.au/
Communications and the Arts,national library of australia,https:/www.transparency.gov.au/publications/communications-and-the-arts/national-library-of-australia/national-library-of-australia-annual-report-2023-24,glossary,https:/www.transparency.gov.au/publications/communications-and-the-arts/national-library-of-australia/national-library-of-australia-annual-report-2023-24/glossary-and-indices/shortened-terms,http://www.nla.gov.au/
Health,national mental health commission,https:/www.transparency.gov.au/publications/health/national-mental-health-commission/national-mental-health-commission-annual-report-2023-24,glossary,https:/www.transparency.gov.au/publications/health/national-mental-health-commission/national-mental-health-commission-annual-report-2023-24/navigation-aids/glossary,http://www.nopsema.gov.au
Health,national mental health commission,https:/www.transparency.gov.au/publications/health/national-mental-health-commission/national-mental-health-commission-annual-report-2023-24,acronym,https:/www.transparency.gov.au/publications/health/national-mental-health-commission/national-mental-health-commission-annual-report-2023-24/navigation-aids/acronyms,http://www.nopsema.gov.au
"Industry, Innovation and Science",national offshore petroleum safety and environmental management authority (nopsema),https:/www.transparency.gov.au/publications/industry-innovation-and-science/national-offshore-petroleum-safety-and-environmental-management-authority-nopsema/national-offshore-petroleum-safety-and-environmental-management-authority-annual-report-2023-24,mixed,https:/www.transparency.gov.au/publications/industry-innovation-and-science/national-offshore-petroleum-safety-and-environmental-management-authority-nopsema/national-offshore-petroleum-safety-and-environmental-management-authority-annual-report-2023-24/part-4%3A-annual-performance-statements/glossary-of-acronyms-and-abbreviations,http://www.nopsema.gov.au
"Infrastructure, Transport, Cities and Regional Development",national transport commission,https:/www.transparency.gov.au/publications/infrastructure-transport-cities-and-regional-development/national-transport-commission/national-transport-commission-annual-report-2023-24,mixed,https:/www.transparency.gov.au/publications/infrastructure-transport-cities-and-regional-development/national-transport-commission/national-transport-commission-annual-report-2023-24/appendices/appendix-e%3A-glossary-and-acronyms,http://www.ntc.gov.au
"Industry, Innovation and Science",northern australia infrastructure facility,https:/www.transparency.gov.au/publications/industry-innovation-and-science/northern-australia-infrastructure-facility/northern-australia-infrastructure-facility-annual-report-2023-2024,mixed,https:/www.transparency.gov.au/publications/industry-innovation-and-science/northern-australia-infrastructure-facility/northern-australia-infrastructure-facility-annual-report-2023-2024/abbreviations-and-acronyms,https://naif.gov.au/
Prime Minister and Cabinet,northern land council,https:/www.transparency.gov.au/publications/prime-minister-and-cabinet/northern-land-council/northern-land-council-annual-report-2023-24,glossary,https:/www.transparency.gov.au/publications/prime-minister-and-cabinet/northern-land-council/northern-land-council-annual-report-2023-24/part-5---appendices/glossary,http://www.nlc.org.au
Attorney-General's,office of parliamentary counsel,https:/www.transparency.gov.au/publications/attorney-general-s/office-of-parliamentary-counsel/office-of-parliamentary-counsel-annual-report-2023-24,glossary,https:/www.transparency.gov.au/publications/attorney-general-s/office-of-parliamentary-counsel/office-of-parliamentary-counsel-annual-report-2023-24/glossary,http://www.opc.gov.au
Treasury,office of the auditing and assurance standards board (auasb),https:/www.transparency.gov.au/publications/treasury/office-of-the-auditing-and-assurance-standards-board-auasb/office-of-the-auditing-and-assurance-standards-board-annual-report-2023-24,abbreviation,https:/www.transparency.gov.au/publications/treasury/office-of-the-auditing-and-assurance-standards-board-auasb/office-of-the-auditing-and-assurance-standards-board-annual-report-2023-24/abbreviations,http://www.auasb.gov.au
Treasury,office of the australian accounting standards board (aasb),https:/www.transparency.gov.au/publications/treasury/office-of-the-australian-accounting-standards-board-aasb/office-of-the-australian-accounting-standards-board-annual-report-2023-24,abbreviation,https:/www.transparency.gov.au/publications/treasury/office-of-the-australian-accounting-standards-board-aasb/office-of-the-australian-accounting-standards-board-annual-report-2023-24/abbreviations,http://www.aasb.gov.au
Attorney-General's,office of the commonwealth ombudsman,https:/www.transparency.gov.au/publications/attorney-general-s/office-of-the-commonwealth-ombudsman/office-of-the-commonwealth-ombudsman-annual-report-2023-24,mixed,https:/www.transparency.gov.au/publications/attorney-general-s/office-of-the-commonwealth-ombudsman/office-of-the-commonwealth-ombudsman-annual-report-2023-24/part-8%3A-references/acronyms%2C-initialisms-and-abbreviations,http://www.ombudsman.gov.au
Attorney-General's,office of the commonwealth ombudsman,https:/www.transparency.gov.au/publications/attorney-general-s/office-of-the-commonwealth-ombudsman/office-of-the-commonwealth-ombudsman-annual-report-2023-24,glossary,https:/www.transparency.gov.au/publications/attorney-general-s/office-of-the-commonwealth-ombudsman/office-of-the-commonwealth-ombudsman-annual-report-2023-24/part-8%3A-references/glossary,http://www.ombudsman.gov.au
Attorney-General's,office of the fair work ombudsman,https:/www.transparency.gov.au/publications/attorney-general-s/office-of-the-fair-work-ombudsman/office-of-the-fair-work-ombudsman-2023-24-annual-report,glossary,https:/www.transparency.gov.au/publications/attorney-general-s/office-of-the-fair-work-ombudsman/office-of-the-fair-work-ombudsman-2023-24-annual-report/part-5---reference-material/glossary,https://www.fairwork.gov.au/
Attorney-General's,office of the fair work ombudsman,https:/www.transparency.gov.au/publications/attorney-general-s/office-of-the-fair-work-ombudsman/office-of-the-fair-work-ombudsman-2023-24-annual-report,mixed,https:/www.transparency.gov.au/publications/attorney-general-s/office-of-the-fair-work-ombudsman/office-of-the-fair-work-ombudsman-2023-24-annual-report/part-5---reference-material/abbreviations-and-acronyms,https://www.fairwork.gov.au/
Health and Aged Care,office of the inspector-general of aged care,https:/www.transparency.gov.au/publications/health-and-aged-care/office-of-the-inspector-general-of-aged-care/office-of-the-inspector-general-of-aged-care-annual-report-2023-24,glossary,https:/www.transparency.gov.au/publications/health-and-aged-care/office-of-the-inspector-general-of-aged-care/office-of-the-inspector-general-of-aged-care-annual-report-2023-24/appendix-4%3A-glossary,https://www.igac.gov.au/
Attorney-General's,office of the inspector-general of intelligence and security,https:/www.transparency.gov.au/publications/attorney-general-s/office-of-the-inspector-general-of-intelligence-and-security/office-of-the-inspector-general-of-intelligence-and-security-annual-report-2023-24,glossary,https:/www.transparency.gov.au/publications/attorney-general-s/office-of-the-inspector-general-of-intelligence-and-security/office-of-the-inspector-general-of-intelligence-and-security-annual-report-2023-24/preliminaries/glossary,http://www.igis.gov.au
Prime Minister and Cabinet,office of the official secretary to the governor-general,https:/www.transparency.gov.au/publications/prime-minister-and-cabinet/office-of-the-official-secretary-to-the-governor-general/office-of-the-official-secretary-to-the-governor-general-annual-report-2023-24,mixed,https:/www.transparency.gov.au/publications/prime-minister-and-cabinet/office-of-the-official-secretary-to-the-governor-general/office-of-the-official-secretary-to-the-governor-general-annual-report-2023-24/glossary%2C-abbreviations-and-acronyms,https://www.gg.gov.au/office-official-secretary-governor-general
Attorney-General's,office of the special investigator,https:/www.transparency.gov.au/publications/attorney-general-s/office-of-the-special-investigator/office-of-the-special-investigator-annual-report-2023-24,mixed,https:/www.transparency.gov.au/publications/attorney-general-s/office-of-the-special-investigator/office-of-the-special-investigator-annual-report-2023-24/part-7-reference-material-/glossary-of-abbreviations-and-acronyms,https://www.osi.gov.au/
Health,organ and tissue authority (australian organ and tissue donation and transplantation authority),https:/www.transparency.gov.au/publications/health/organ-and-tissue-authority-australian-organ-and-tissue-donation-and-transplantation-authority/australian-organ-and-tissue-donation-and-transplantation-authority-annual-report-2023-24,glossary,https:/www.transparency.gov.au/publications/health/organ-and-tissue-authority-australian-organ-and-tissue-donation-and-transplantation-authority/australian-organ-and-tissue-donation-and-transplantation-authority-annual-report-2023-24/part-5-%2F-appendices/appendix-5%3A-glossary,http://www.donatelife.gov.au
Health,organ and tissue authority (australian organ and tissue donation and transplantation authority),https:/www.transparency.gov.au/publications/health/organ-and-tissue-authority-australian-organ-and-tissue-donation-and-transplantation-authority/australian-organ-and-tissue-donation-and-transplantation-authority-annual-report-2023-24,abbreviation,https:/www.transparency.gov.au/publications/health/organ-and-tissue-authority-australian-organ-and-tissue-donation-and-transplantation-authority/australian-organ-and-tissue-donation-and-transplantation-authority-annual-report-2023-24/part-5-%2F-appendices/appendix-4%3A-abbreviations,http://www.donatelife.gov.au
Parliamentary Departments (not a portfolio),parliamentary budget office,https:/www.transparency.gov.au/publications/parliamentary-departments-not-a-portfolio/parliamentary-budget-office/parliamentary-budget-office-annual-report-2023-24,glossary,https:/www.transparency.gov.au/publications/parliamentary-departments-not-a-portfolio/parliamentary-budget-office/parliamentary-budget-office-annual-report-2023-24/references/glossary,http://www.pbo.gov.au
Parliamentary Departments (not a portfolio),parliamentary budget office,https:/www.transparency.gov.au/publications/parliamentary-departments-not-a-portfolio/parliamentary-budget-office/parliamentary-budget-office-annual-report-2023-24,mixed,https:/www.transparency.gov.au/publications/parliamentary-departments-not-a-portfolio/parliamentary-budget-office/parliamentary-budget-office-annual-report-2023-24/references/abbreviations-and-acronyms,http://www.pbo.gov.au
Finance,parliamentary workplace support service,https:/www.transparency.gov.au/publications/finance/parliamentary-workplace-support-service/parliamentary-workplace-support-service-annual-report-2023-24,mixed,https:/www.transparency.gov.au/publications/finance/parliamentary-workplace-support-service/parliamentary-workplace-support-service-annual-report-2023-24/part-5.-appendices/appendix-g--abbreviations-and-acronyms,https://www.pwss.gov.au/
Treasury,productivity commission,https:/www.transparency.gov.au/publications/treasury/productivity-commission/annual-report-2023-24,abbreviation,https:/www.transparency.gov.au/publications/treasury/productivity-commission/annual-report-2023-24/abbreviations,https://www.pc.gov.au
Treasury,reserve bank of australia,https:/www.transparency.gov.au/publications/treasury/reserve-bank-of-australia/reserve-bank-of-australia-annual-report-2023-24,abbreviation,https:/www.transparency.gov.au/publications/treasury/reserve-bank-of-australia/reserve-bank-of-australia-annual-report-2023-24/part-5%3A-indexes/5.5-abbreviations,https://www.rba.gov.au/
Treasury,royal australian mint,https:/www.transparency.gov.au/publications/treasury/royal-australian-mint/annual-report-royal-australian-mint-2023-2024,mixed,https:/www.transparency.gov.au/publications/treasury/royal-australian-mint/annual-report-royal-australian-mint-2023-2024/09-indices/abbreviations-and-acronyms,http://www.ramint.gov.au
Treasury,royal australian mint,https:/www.transparency.gov.au/publications/treasury/royal-australian-mint/annual-report-royal-australian-mint-2023-2024,glossary,https:/www.transparency.gov.au/publications/treasury/royal-australian-mint/annual-report-royal-australian-mint-2023-2024/09-indices/glossary,http://www.ramint.gov.au
Agriculture,rural industries research and development corporation,https:/www.transparency.gov.au/publications/agriculture/rural-industries-research-and-development-corporation/agrifutures-australia-annual-report-2023-2024,glossary,https:/www.transparency.gov.au/publications/agriculture/rural-industries-research-and-development-corporation/agrifutures-australia-annual-report-2023-2024/appendices/appendix-4%3A-glossary,https://agrifutures.com.au/
Attorney-General's,safe work australia,https:/www.transparency.gov.au/publications/attorney-general-s/safe-work-australia/safe-work-australia-annual-report-2023-24,mixed,https:/www.transparency.gov.au/publications/attorney-general-s/safe-work-australia/safe-work-australia-annual-report-2023-24/part-8-%E2%80%93-references/acronyms-and-abbreviations,https://www.safeworkaustralia.gov.au/
Attorney-General's,safe work australia,https:/www.transparency.gov.au/publications/attorney-general-s/safe-work-australia/safe-work-australia-annual-report-2023-24,glossary,https:/www.transparency.gov.au/publications/attorney-general-s/safe-work-australia/safe-work-australia-annual-report-2023-24/part-8-%E2%80%93-references/glossary-of-terms,https://www.safeworkaustralia.gov.au/
Attorney-General's,"seafarers safety, rehabilitation and compensation authority (seacare authority)",https:/www.transparency.gov.au/publications/attorney-general-s/seafarers-safety-rehabilitation-and-compensation-authority-seacare-authority/seafarers-safety-rehabilitation-and-compensation-authority-annual-report-2023-24,glossary,https:/www.transparency.gov.au/publications/attorney-general-s/seafarers-safety-rehabilitation-and-compensation-authority-seacare-authority/seafarers-safety-rehabilitation-and-compensation-authority-annual-report-2023-24/glossary/glossary,http://www.seacare.gov.au/
Services Australia,services australia,https:/www.transparency.gov.au/publications/services-australia/services-australia/services-australia-annual-report-2023-24,mixed,https:/www.transparency.gov.au/publications/services-australia/services-australia/services-australia-annual-report-2023-24/part-11%3A-appendices/appendix-e---glossary-of-abbreviations-and-acronyms,https://www.servicesaustralia.gov.au/
Health,sport integrity australia,https:/www.transparency.gov.au/publications/health/sport-integrity-australia/sport-integrity-australia-annual-report-2023-24,glossary,https:/www.transparency.gov.au/publications/health/sport-integrity-australia/sport-integrity-australia-annual-report-2023-24/navigation-aids/glossary,https://www.sportintegrity.gov.au/
Health,sport integrity australia,https:/www.transparency.gov.au/publications/health/sport-integrity-australia/sport-integrity-australia-annual-report-2023-24,mixed,https:/www.transparency.gov.au/publications/health/sport-integrity-australia/sport-integrity-australia-annual-report-2023-24/navigation-aids/acronyms-and-abbreviations,https://www.sportintegrity.gov.au/
"Agriculture, Water and the Environment",sydney harbour federation trust,https:/www.transparency.gov.au/publications/agriculture-water-and-the-environment/sydney-harbour-federation-trust/sydney-harbour-federation-trust-annual-report-2023-24,mixed,https:/www.transparency.gov.au/publications/agriculture-water-and-the-environment/sydney-harbour-federation-trust/sydney-harbour-federation-trust-annual-report-2023-24/abbreviations-and-acronyms,http://www.harbourtrust.gov.au
Education,tertiary education quality and standards agency,https:/www.transparency.gov.au/publications/education/tertiary-education-quality-and-standards-agency/tertiary-education-quality-and-standards-agency-annual-report-2023-24,mixed,https:/www.transparency.gov.au/publications/education/tertiary-education-quality-and-standards-agency/tertiary-education-quality-and-standards-agency-annual-report-2023-24/part-5%3A-appendices/glossary-of-abbreviations%2C-acronyms-and-definitions,http://www.teqsa.gov.au
Prime Minister and Cabinet,tiwi land council,https:/www.transparency.gov.au/publications/prime-minister-and-cabinet/tiwi-land-council/annual-report-2023-2024,glossary,https:/www.transparency.gov.au/publications/prime-minister-and-cabinet/tiwi-land-council/annual-report-2023-2024/part-5%3A-appendices/glossary-,http://www.tiwilandcouncil.com
Prime Minister and Cabinet,torres strait regional authority,https:/www.transparency.gov.au/publications/prime-minister-and-cabinet/torres-strait-regional-authority/torres-strait-regional-authority-annual-report-2023-24,abbreviation,https:/www.transparency.gov.au/publications/prime-minister-and-cabinet/torres-strait-regional-authority/torres-strait-regional-authority-annual-report-2023-24/part-5%3A-abbreviations-and-requirements/list-of-abbreviations,http://www.tsra.gov.au
Foreign Affairs and Trade,tourism australia,https:/www.transparency.gov.au/publications/foreign-affairs-and-trade/tourism-australia/tourism-australia-annual-report-2023-24,mixed,https:/www.transparency.gov.au/publications/foreign-affairs-and-trade/tourism-australia/tourism-australia-annual-report-2023-24/7.-appendix/7.5-abbreviations-and-acronyms,http://www.tourism.australia.com
Foreign Affairs and Trade,tourism australia,https:/www.transparency.gov.au/publications/foreign-affairs-and-trade/tourism-australia/tourism-australia-annual-report-2023-24,glossary,https:/www.transparency.gov.au/publications/foreign-affairs-and-trade/tourism-australia/tourism-australia-annual-report-2023-24/7.-appendix/7.4-glossary,http://www.tourism.australia.com
"Infrastructure, Transport, Cities and Regional Development",wsa co ltd,https:/www.transparency.gov.au/publications/infrastructure-transport-cities-and-regional-development/wsa-co-ltd/wsa-co-limited-annual-report-2023-24,mixed,https:/www.transparency.gov.au/publications/infrastructure-transport-cities-and-regional-development/wsa-co-ltd/wsa-co-limited-annual-report-2023-24/12.-glossary-and-abbreviations,https://www.ani.com.au/
"Infrastructure, Transport, Cities and Regional Development",wsa co ltd,https:/www.transparency.gov.au/publications/infrastructure-transport-cities-and-regional-development/wsa-co-ltd/wsa-co-limited-annual-report-2023-24,mixed,https:/www.transparency.gov.au/publications/infrastructure-transport-cities-and-regional-development/wsa-co-ltd/wsa-co-limited-annual-report-2023-24/12.-glossary-and-abbreviations/glossary,https://www.ani.com.au/
"Infrastructure, Transport, Cities and Regional Development",wsa co ltd,https:/www.transparency.gov.au/publications/infrastructure-transport-cities-and-regional-development/wsa-co-ltd/wsa-co-limited-annual-report-2023-24,mixed,https:/www.transparency.gov.au/publications/infrastructure-transport-cities-and-regional-development/wsa-co-ltd/wsa-co-limited-annual-report-2023-24/12.-glossary-and-abbreviations/abbreviations,https://www.ani.com.au/
Agriculture,wine australia,https:/www.transparency.gov.au/publications/agriculture/wine-australia/wine-australia-annual-report-2023-24,glossary,https:/www.transparency.gov.au/publications/agriculture/wine-australia/wine-australia-annual-report-2023-24/appendices/appendix-ii%3A-glossary,www.wineaustralia.com
Prime Minister and Cabinet,workplace gender equality agency,https:/www.transparency.gov.au/publications/prime-minister-and-cabinet/workplace-gender-equality-agency/workplace-gender-equality-agency-annual-report-2023-24,mixed,https:/www.transparency.gov.au/publications/prime-minister-and-cabinet/workplace-gender-equality-agency/workplace-gender-equality-agency-annual-report-2023-24/overview/glossary-and-acronyms,https://www.wgea.gov.au
Agriculture,regional investment corporation,https:/www.transparency.gov.au/publications/agriculture/regional-investment-corporation/regional-investment-corporation-annual-report-2023-24,n/a,n/a,https://www.ric.gov.au/
"Agriculture, Water and the Environment",director of national parks,https:/www.transparency.gov.au/publications/agriculture-water-and-the-environment/director-of-national-parks/director-of-national-parks-annual-report-2023-24,n/a,n/a,https://www.dcceew.gov.au/parks-heritage/national-parks/parks-australia/director-national-parks
Attorney-General's,australian human rights commission,https:/www.transparency.gov.au/publications/attorney-general-s/australian-human-rights-commission/australian-human-rights-commission-annual-report-2023-2024,n/a,n/a,http://www.humanrights.gov.au/
Attorney-General's,comcare,https:/www.transparency.gov.au/publications/attorney-general-s/comcare/comcare-and-safety-rehabilitation-and-compensation-commission-annual-report-2023-24,n/a,n/a,http://www.comcare.gov.au
Attorney-General's,office of the australian information commissioner,https:/www.transparency.gov.au/publications/attorney-general-s/office-of-the-australian-information-commissioner/office-of-the-australian-information-commissioner-annual-report-2023-24,n/a,n/a,http://www.oaic.gov.au
Attorney-General's,office of the director of public prosecutions (cdpp),https:/www.transparency.gov.au/publications/attorney-general-s/office-of-the-director-of-public-prosecutions-cdpp/office-of-the-director-of-public-prosecutions-cth-annual-report-2023-24,n/a,n/a,http://www.cdpp.gov.au
"Climate Change, Energy, the Environment and Water",clean energy regulator,https:/www.transparency.gov.au/publications/climate-change-energy-the-environment-and-water/clean-energy-regulator/clean-energy-regulator-annual-report-2023-24,n/a,n/a,http://www.cleanenergyregulator.gov.au
"Climate Change, Energy, the Environment and Water",snowy hydro limited,https:/www.transparency.gov.au/publications/climate-change-energy-the-environment-and-water/snowy-hydro-limited/snowy-hydro-limited-annual-report-2023-24,n/a,n/a,https://www.snowyhydro.com.au/
Communications and the Arts,screen australia,https:/www.transparency.gov.au/publications/communications-and-the-arts/screen-australia/screen-australia-annual-report-2023-2024,n/a,n/a,http://www.screenaustralia.gov.au/
Communications and the Arts,national portrait gallery of australia,https:/www.transparency.gov.au/publications/communications-and-the-arts/national-portrait-gallery-of-australia/annual-report-2023-2024,n/a,n/a,http://www.portrait.gov.au
Communications and the Arts,national museum of australia,https:/www.transparency.gov.au/publications/communications-and-the-arts/national-museum-of-australia/national-museum-of-australia-annual-report-2023-24,n/a,n/a,http://www.nma.gov.au
Communications and the Arts,nbn co limited,https:/www.transparency.gov.au/publications/communications-and-the-arts/nbn-co-limited/nbn-2024-annual-report,n/a,n/a,http://www.nbnco.com.au/
Communications and the Arts,australian postal corporation,https:/www.transparency.gov.au/publications/communications-and-the-arts/australian-postal-corporation/australian-postal-corporation-annual-report-2023-24,n/a,n/a,http://auspost.com.au
Communications and the Arts,"australian film, television and radio school",https:/www.transparency.gov.au/publications/communications-and-the-arts/australian-film-television-and-radio-school/australian-film-television-and-radio-school-annual-report-2023-24,n/a,n/a,http://www.aftrs.edu.au
Communications and the Arts,special broadcasting service corporation,https:/www.transparency.gov.au/publications/communications-and-the-arts/special-broadcasting-service-corporation/special-broadcasting-service-corporation-annual-report-2023-24,n/a,n/a,http://www.sbs.com.au/
Communications and the Arts,old parliament house,https:/www.transparency.gov.au/publications/communications-and-the-arts/old-parliament-house/museum-of-australian-democracy-at-old-parliament-house-annual-report-2023-24,n/a,n/a,http://moadoph.gov.au/
Communications and the Arts,australian national maritime museum,https:/www.transparency.gov.au/publications/communications-and-the-arts/australian-national-maritime-museum/australian-national-maritime-museum-annual-report-2023-24,n/a,n/a,http://www.anmm.gov.au
Communications and the Arts,bundanon trust,https:/www.transparency.gov.au/publications/communications-and-the-arts/bundanon-trust/bundanon-annual-report-2023-2024,n/a,n/a,http://www.bundanon.com.au/
Defence,raaf welfare recreational company,https:/www.transparency.gov.au/publications/defence/raaf-welfare-recreational-company/raaf-welfare-recreational-company-annual-report-2023-24,n/a,n/a,http://www.raafholidays.com.au
Defence,aaf company,https:/www.transparency.gov.au/publications/defence/aaf-company/aaf-company-annual-report-2023-24,n/a,n/a,http://www.armyholidays.com.au/
Defence,australian military forces relief trust fund,https:/www.transparency.gov.au/publications/defence/australian-military-forces-relief-trust-fund/australian-military-forces-relief-trust-fund-annual-report-2023-24,n/a,n/a,http://armyrtf.com.au
Defence,royal australian air force veterans' residences trust fund,https:/www.transparency.gov.au/publications/defence/royal-australian-air-force-veterans-residences-trust-fund/royal-australian-air-force-veterans-residences-trust-fund-annual-report-2023-24,n/a,n/a,https://www.airforce.gov.au/community/members-and-veterans/veterans-residences-trust
Defence,royal australian air force welfare trust fund,https:/www.transparency.gov.au/publications/defence/royal-australian-air-force-welfare-trust-fund/royal-australian-air-force-welfare-fund-annual-report-1-july-2023-to-30-june-2024,n/a,n/a,https://raafwelfaretrustfund.gov.au/
Defence,royal australian navy relief trust fund,https:/www.transparency.gov.au/publications/defence/royal-australian-navy-relief-trust-fund/royal-australian-navy-relief-trust-fund-annual-report-2023-24,n/a,n/a,http://intranet.defence.gov.au/navyweb/sites/RANRTF/ComWeb.asp?page=255915
Education,australian institute for teaching and school leadership limited,https:/www.transparency.gov.au/publications/education/australian-institute-for-teaching-and-school-leadership-limited/annual-report-2023-24,n/a,n/a,http://www.aitsl.edu.au/about-us
Education,"australian curriculum, assessment and reporting authority",https:/www.transparency.gov.au/publications/education/australian-curriculum-assessment-and-reporting-authority/australian-curriculum-assessment-and-reporting-authority-acara-annual-report-2023-24,n/a,n/a,http://www.acara.edu.au
Finance,australian naval infrastructure pty ltd,https:/www.transparency.gov.au/publications/finance/australian-naval-infrastructure-pty-ltd/annual-report-2023-24,n/a,n/a,https://www.ani.com.au/
Health,food standards australia new zealand,https:/www.transparency.gov.au/publications/health/food-standards-australia-new-zealand/food-standards-australia-new-zealand-annual-report-2023-24,n/a,n/a,http://www.foodstandards.gov.au
Health,australian digital health agency,https:/www.transparency.gov.au/publications/health/australian-digital-health-agency/australian-digital-health-agency-annual-report-2023-2024,n/a,n/a,https://www.digitalhealth.gov.au
Health,professional services review,https:/www.transparency.gov.au/publications/health/professional-services-review/professional-services-review-annual-report-2023-24,n/a,n/a,http://www.psr.gov.au
Health,australian sports foundation limited,https:/www.transparency.gov.au/publications/health/australian-sports-foundation-limited/australian-sports-foundation-limited-annual-report-2023-24,n/a,n/a,http://www.asf.org.au
Health,australian sports commission (australian institute of sport),https:/www.transparency.gov.au/publications/health/australian-sports-commission-australian-institute-of-sport/australian-sports-commission-annual-report-2023-24,n/a,n/a,https://www.ausport.gov.au/
Health,australian commission on safety and quality in health care,https:/www.transparency.gov.au/publications/health/australian-commission-on-safety-and-quality-in-health-care/australian-commission-on-safety-and-quality-in-health-care-annual-report-2023-24,n/a,n/a,http://www.safetyandquality.gov.au
"Industry, Science and Resources",national reconstruction fund corporation,https:/www.transparency.gov.au/publications/industry-science-and-resources/national-reconstruction-fund-corporation/national-reconstruction-fund-corporation-annual-report-2023-24,n/a,n/a,https://www.nrf.gov.au
"Infrastructure, Transport, Cities and Regional Development",infrastructure australia,https:/www.transparency.gov.au/publications/infrastructure-transport-cities-and-regional-development/infrastructure-australia/2023-24-annual-report,n/a,n/a,http://www.infrastructureaustralia.gov.au
"Infrastructure, Transport, Cities and Regional Development",australian rail track corporation limited,https:/www.transparency.gov.au/publications/infrastructure-transport-cities-and-regional-development/australian-rail-track-corporation-limited/australian-rail-track-corporation-limited-annual-report-2023-24,n/a,n/a,http://www.artc.com.au
"Infrastructure, Transport, Cities and Regional Development",australian maritime safety authority,https:/www.transparency.gov.au/publications/infrastructure-transport-cities-and-regional-development/australian-maritime-safety-authority/australian-maritime-safety-authority-annual-report-2023-24,n/a,n/a,http://www.amsa.gov.au
"Infrastructure, Transport, Regional Development, Communications and the Arts",high speed rail authority,https:/www.transparency.gov.au/publications/infrastructure-transport-regional-development-communications-and-the-arts/high-speed-rail-authority/high-speed-rail-authority-annual-report-2023-24,n/a,n/a,https://www.hsra.gov.au/
"Infrastructure, Transport, Regional Development, Communications and the Arts",creative australia,https:/www.transparency.gov.au/publications/infrastructure-transport-regional-development-communications-and-the-arts/creative-australia/creative-australia-annual-report-2023-24,n/a,n/a,https://creative.gov.au/
Prime Minister and Cabinet,wreck bay aboriginal community council,https:/www.transparency.gov.au/publications/prime-minister-and-cabinet/wreck-bay-aboriginal-community-council/wreck-bay-aboriginal-community-council-annual-report-2023-24,n/a,n/a,https://wbacc.gov.au/
Prime Minister and Cabinet,outback stores pty ltd,https:/www.transparency.gov.au/publications/prime-minister-and-cabinet/outback-stores-pty-ltd/outback-stores-pty-ltd-annual-report-2023-24,n/a,n/a,http://www.outbackstores.com.au
Prime Minister and Cabinet,department of the prime minister and cabinet,https:/www.transparency.gov.au/publications/prime-minister-and-cabinet/department-of-the-prime-minister-and-cabinet/annual-report-2023-24,n/a,n/a,http://www.pmc.gov.au
Prime Minister and Cabinet,national australia day council limited,https:/www.transparency.gov.au/publications/prime-minister-and-cabinet/national-australia-day-council-limited/national-australia-day-council-limited-annual-report-2023-24,n/a,n/a,http://www.australiaday.org.au
Prime Minister and Cabinet,aboriginal hostels limited,https:/www.transparency.gov.au/publications/prime-minister-and-cabinet/aboriginal-hostels-limited/aboriginal-hostels-limited-annual-report-2023-24,n/a,n/a,http://www.ahl.gov.au
Prime Minister and Cabinet,indigenous business australia,https:/www.transparency.gov.au/publications/prime-minister-and-cabinet/indigenous-business-australia/indigenous-business-australia-annual-report-2023-24,n/a,n/a,http://www.iba.gov.au
Veterans' Affairs,australian war memorial,https:/www.transparency.gov.au/publications/veterans-affairs/australian-war-memorial/australian-war-memorial-annual-report-2023-24,n/a,n/a,http://www.awm.gov.au
