Agency,Portfolio,URL Col,URL,Status
AAF Company,Defence,glossary_url1,nan,Error: Message: invalid argument
AAF Company,Defence,glossary_url2,nan,Error: Message: invalid argument
ASC Pty Ltd,Finance,glossary_url1,https://www.transparency.gov.au/publications/finance/asc-pty-ltd/annual-report-2024/glossary,OK
ASC Pty Ltd,Finance,glossary_url2,nan,Error: Message: invalid argument
Aboriginal Hostels Limited,Prime Minister and Cabinet,glossary_url1,nan,Error: Message: invalid argument
Aboriginal Hostels Limited,Prime Minister and Cabinet,glossary_url2,nan,Error: Message: invalid argument
Administrative Appeals Tribunal,Attorney-General's,glossary_url1,https://www.transparency.gov.au/publications/attorney-general-s/administrative-appeals-tribunal/administrative-appeals-tribunal-annual-report-2023-24/glossary,OK
Administrative Appeals Tribunal,Attorney-General's,glossary_url2,nan,Error: Message: invalid argument
Aged Care Quality and Safety Commission,Health,glossary_url1,https://www.transparency.gov.au/publications/health/aged-care-quality-and-safety-commission/aged-care-quality-and-safety-commission-annual-report-2023-2024/glossary-,OK
Aged Care Quality and Safety Commission,Health,glossary_url2,nan,Error: Message: invalid argument
Airservices Australia,"Infrastructure, Transport, Cities and Regional Development",glossary_url1,https://www.transparency.gov.au/publications/infrastructure-transport-cities-and-regional-development/airservices-australia/airservices-australia-annual-report-2023-24/appendices/appendix-d%3A-acronyms,OK
Airservices Australia,"Infrastructure, Transport, Cities and Regional Development",glossary_url2,nan,Error: Message: invalid argument
Anindilyakwa Land Council,Prime Minister and Cabinet,glossary_url1,https://www.transparency.gov.au/publications/prime-minister-and-cabinet/anindilyakwa-land-council/anindilyakwa-land-council-annual-report-2023-24/part-1%3A-introduction-to-this-report/1.02-acronyms,OK
Anindilyakwa Land Council,Prime Minister and Cabinet,glossary_url2,nan,Error: Message: invalid argument
Army and Air Force Canteen Service,Defence,glossary_url1,https://www.transparency.gov.au/publications/defence/army-and-air-force-canteen-service/aafcans-army-air-force-canteen-service/appendix-4%3A-terms-and-abbreviations-,OK
Army and Air Force Canteen Service,Defence,glossary_url2,nan,Error: Message: invalid argument
Asbestos and Silica Safety and Eradication Agency,Employment and Workplace Relations,glossary_url1,https://www.transparency.gov.au/publications/employment-and-workplace-relations/asbestos-and-silica-safety-and-eradication-agency/asbestos-and-silica-safety-and-eradication-agency-annual-report-2023-24/section-6---reference-and-index/6.1-glossary-of-abbreviations-and-acronyms,OK
Asbestos and Silica Safety and Eradication Agency,Employment and Workplace Relations,glossary_url2,nan,Error: Message: invalid argument
Attorney-General's Department,Attorney-General's,glossary_url1,https://www.transparency.gov.au/publications/attorney-general-s/attorney-generals-department/attorney-general-s-department-annual-report-2023-24/glossary-of-abbreviations-and-acronyms,OK
Attorney-General's Department,Attorney-General's,glossary_url2,nan,Error: Message: invalid argument
Australian Broadcasting Corporation,Communications and the Arts,glossary_url1,https://www.transparency.gov.au/publications/communications-and-the-arts/australian-broadcasting-corporation/australian-broadcasting-corporation-annual-report-2023-24/abbreviations-list,OK
Australian Broadcasting Corporation,Communications and the Arts,glossary_url2,nan,Error: Message: invalid argument
Australian Bureau of Statistics,Treasury,glossary_url1,https://www.transparency.gov.au/publications/treasury/australian-bureau-of-statistics/australian-bureau-of-statistics-annual-report-2023-24/reference-material/glossary,OK
Australian Bureau of Statistics,Treasury,glossary_url2,https://www.transparency.gov.au/publications/treasury/australian-bureau-of-statistics/australian-bureau-of-statistics-annual-report-2023-24/reference-material/abbreviations-and-acronyms,OK
Australian Centre for International Agricultural Research (ACIAR),Foreign Affairs and Trade,glossary_url1,https://www.transparency.gov.au/publications/foreign-affairs-and-trade/australian-centre-for-international-agricultural-research-aciar/australian-centre-for-international-agricultural-research-annual-report-2023-24/part-6-reference-material/abbreviations-and-acronyms,OK
Australian Centre for International Agricultural Research (ACIAR),Foreign Affairs and Trade,glossary_url2,nan,Error: Message: invalid argument
Australian Commission on Safety and Quality in Health Care,Health,glossary_url1,nan,Error: Message: invalid argument
Australian Commission on Safety and Quality in Health Care,Health,glossary_url2,nan,Error: Message: invalid argument
Australian Communications and Media Authority (ACMA),Communications and the Arts,glossary_url1,https://www.transparency.gov.au/publications/communications-and-the-arts/australian-communications-and-media-authority-acma/australian-communications-and-media-authority-and-esafety-commissioner-annual-report-2023-24/glossary,OK
Australian Communications and Media Authority (ACMA),Communications and the Arts,glossary_url2,nan,Error: Message: invalid argument
Australian Competition and Consumer Commission (ACCC),Treasury,glossary_url1,https://www.transparency.gov.au/publications/treasury/australian-competition-and-consumer-commission-accc/accc-and-aer-annual-report-2023-24/part-6---appendixes/glossary-and-abbreviations,OK
Australian Competition and Consumer Commission (ACCC),Treasury,glossary_url2,nan,Error: Message: invalid argument
Australian Criminal Intelligence Commission,Attorney-General's,glossary_url1,https://www.transparency.gov.au/publications/attorney-general-s/australian-criminal-intelligence-commission/australian-criminal-intelligence-commission-annual-report-2023-24/section-5%3A-appendices-and-references/glossary,OK
Australian Criminal Intelligence Commission,Attorney-General's,glossary_url2,https://www.transparency.gov.au/publications/attorney-general-s/australian-criminal-intelligence-commission/australian-criminal-intelligence-commission-annual-report-2023-24/section-5%3A-appendices-and-references/list-of-abbreviations,OK
"Australian Curriculum, Assessment and Reporting Authority",Education,glossary_url1,nan,Error: Message: invalid argument
"Australian Curriculum, Assessment and Reporting Authority",Education,glossary_url2,nan,Error: Message: invalid argument
Australian Digital Health Agency,Health,glossary_url1,nan,Error: Message: invalid argument
Australian Digital Health Agency,Health,glossary_url2,nan,Error: Message: invalid argument
Australian Electoral Commission,Finance,glossary_url1,https://www.transparency.gov.au/publications/finance/australian-electoral-commission/australian-electoral-commission-annual-report-2023-24/08---reader-guides-/glossary,OK
Australian Electoral Commission,Finance,glossary_url2,https://www.transparency.gov.au/publications/finance/australian-electoral-commission/australian-electoral-commission-annual-report-2023-24/08---reader-guides-/abbreviations-and-acronyms,OK
Australian Federal Police,Attorney-General's,glossary_url1,https://www.transparency.gov.au/publications/attorney-general-s/australian-federal-police/australian-federal-police-annual-report-2023-24/reference-material/abbreviations-and-acronyms,OK
Australian Federal Police,Attorney-General's,glossary_url2,nan,Error: Message: invalid argument
"Australian Film, Television and Radio School",Communications and the Arts,glossary_url1,nan,Error: Message: invalid argument
"Australian Film, Television and Radio School",Communications and the Arts,glossary_url2,nan,Error: Message: invalid argument
Australian Financial Security Authority,Attorney-General's,glossary_url1,https://www.transparency.gov.au/publications/attorney-general-s/australian-financial-security-authority/australian-financial-security-authority-annual-report-2023-24/abbreviations-and-acronyms,OK
Australian Financial Security Authority,Attorney-General's,glossary_url2,nan,Error: Message: invalid argument
Australian Fisheries Management Authority,Agriculture,glossary_url1,https://www.transparency.gov.au/publications/agriculture/australian-fisheries-management-authority/australian-fisheries-management-authority-annual-report-2023-24/references/glossary,OK
Australian Fisheries Management Authority,Agriculture,glossary_url2,https://www.transparency.gov.au/publications/agriculture/australian-fisheries-management-authority/australian-fisheries-management-authority-annual-report-2023-24/references/abbreviations-and-acronyms,OK
Australian Hearing Services (Hearing Australia),Services Australia,glossary_url1,https://www.transparency.gov.au/publications/services-australia/australian-hearing-services-hearing-australia/australian-hearing-services-hearing-australia-annual-report-2023-24/glossary,OK
Australian Hearing Services (Hearing Australia),Services Australia,glossary_url2,nan,Error: Message: invalid argument
Australian Human Rights Commission,Attorney-General's,glossary_url1,nan,Error: Message: invalid argument
Australian Human Rights Commission,Attorney-General's,glossary_url2,nan,Error: Message: invalid argument
Australian Institute for Teaching and School Leadership Limited,Education,glossary_url1,nan,Error: Message: invalid argument
Australian Institute for Teaching and School Leadership Limited,Education,glossary_url2,nan,Error: Message: invalid argument
Australian Institute of Aboriginal and Torres Strait Islander Studies,Prime Minister and Cabinet,glossary_url1,https://www.transparency.gov.au/publications/prime-minister-and-cabinet/australian-institute-of-aboriginal-and-torres-strait-islander-studies/australian-institute-of-aboriginal-and-torres-strait-islander-studies-annual-report-2023-2024/part-7.-aids-to-access/abbreviations-and-acronyms,OK
Australian Institute of Aboriginal and Torres Strait Islander Studies,Prime Minister and Cabinet,glossary_url2,nan,Error: Message: invalid argument
Australian Institute of Criminology,Attorney-General's,glossary_url1,https://www.transparency.gov.au/publications/attorney-general-s/australian-institute-of-criminology/annual-report-2023-24/about-this-report/acronyms,OK
Australian Institute of Criminology,Attorney-General's,glossary_url2,nan,Error: Message: invalid argument
Australian Institute of Family Studies (AIFS),Social Services,glossary_url1,https://www.transparency.gov.au/publications/social-services/australian-institute-of-family-studies-aifs/australian-institute-of-family-studies-annual-report-2023-24/appendices/appendix-d%3A-acronyms-and-abbreviations,OK
Australian Institute of Family Studies (AIFS),Social Services,glossary_url2,nan,Error: Message: invalid argument
Australian Institute of Health and Welfare,Health,glossary_url1,https://www.transparency.gov.au/publications/health/australian-institute-of-health-and-welfare/australian-institute-of-health-and-welfare-annual-report-2023-24/user-guide---acronyms-and-abbreviations,OK
Australian Institute of Health and Welfare,Health,glossary_url2,nan,Error: Message: invalid argument
Australian Institute of Marine Science,"Climate Change, Energy, the Environment and Water",glossary_url1,https://www.transparency.gov.au/publications/climate-change-energy-the-environment-and-water/australian-institute-of-marine-science/australian-institute-of-marine-science-annual-report-2023-24/chapter-6%3A-appendices-and-indexes/index%3A-acronyms,OK
Australian Institute of Marine Science,"Climate Change, Energy, the Environment and Water",glossary_url2,nan,Error: Message: invalid argument
Australian Law Reform Commission,Attorney-General's,glossary_url1,https://www.transparency.gov.au/publications/attorney-general-s/australian-law-reform-commission/australian-law-reform-commission-annual-report-2023-24/glossary,OK
Australian Law Reform Commission,Attorney-General's,glossary_url2,nan,Error: Message: invalid argument
Australian Maritime Safety Authority,"Infrastructure, Transport, Cities and Regional Development",glossary_url1,nan,Error: Message: invalid argument
Australian Maritime Safety Authority,"Infrastructure, Transport, Cities and Regional Development",glossary_url2,nan,Error: Message: invalid argument
Australian Military Forces Relief Trust Fund,Defence,glossary_url1,nan,Error: Message: invalid argument
Australian Military Forces Relief Trust Fund,Defence,glossary_url2,nan,Error: Message: invalid argument
Australian National Audit Office,Prime Minister and Cabinet,glossary_url1,https://www.transparency.gov.au/publications/prime-minister-and-cabinet/australian-national-audit-office/australian-national-audit-office-annual-report-2023-24/abbreviations-and-acronyms,OK
Australian National Audit Office,Prime Minister and Cabinet,glossary_url2,nan,Error: Message: invalid argument
Australian National Maritime Museum,Communications and the Arts,glossary_url1,nan,Error: Message: invalid argument
Australian National Maritime Museum,Communications and the Arts,glossary_url2,nan,Error: Message: invalid argument
Australian Naval Infrastructure Pty Ltd,Finance,glossary_url1,nan,Error: Message: invalid argument
Australian Naval Infrastructure Pty Ltd,Finance,glossary_url2,nan,Error: Message: invalid argument
Australian Nuclear Science and Technology Organisation,"Industry, Innovation and Science",glossary_url1,https://www.transparency.gov.au/publications/industry-innovation-and-science/australian-nuclear-science-and-technology-organisation/australian-nuclear-science-and-technology-organisation-annual-report-2023-24/appendices-and-index/glossary,OK
Australian Nuclear Science and Technology Organisation,"Industry, Innovation and Science",glossary_url2,nan,Error: Message: invalid argument
Australian Office of Financial Management (AOFM),Treasury,glossary_url1,https://www.transparency.gov.au/publications/treasury/australian-office-of-financial-management-aofm/australian-office-of-financial-management-annual-report-2023-24/part-5%3A-aids-to-access/glossary-of-abbreviations,OK
Australian Office of Financial Management (AOFM),Treasury,glossary_url2,nan,Error: Message: invalid argument
Australian Pesticides and Veterinary Medicines Authority (APVMA),Agriculture,glossary_url1,https://www.transparency.gov.au/publications/agriculture/australian-pesticides-and-veterinary-medicines-authority-apvma/australian-pesticides-and-veterinary-medicines-authority-annual-report-2023-24/acronyms-and-abbreviations%2C-glossary%2C-and-list-of-requirements,OK
Australian Pesticides and Veterinary Medicines Authority (APVMA),Agriculture,glossary_url2,https://www.transparency.gov.au/publications/agriculture/australian-pesticides-and-veterinary-medicines-authority-apvma/australian-pesticides-and-veterinary-medicines-authority-annual-report-2023-24/acronyms-and-abbreviations%2C-glossary%2C-and-list-of-requirements,OK
Australian Postal Corporation,Communications and the Arts,glossary_url1,nan,Error: Message: invalid argument
Australian Postal Corporation,Communications and the Arts,glossary_url2,nan,Error: Message: invalid argument
Australian Prudential Regulation Authority (APRA),Treasury,glossary_url1,https://www.transparency.gov.au/publications/treasury/australian-prudential-regulation-authority/australian-prudential-regulation-authority-annual-report-2023-24/glossary,OK
Australian Prudential Regulation Authority (APRA),Treasury,glossary_url2,nan,Error: Message: invalid argument
Australian Public Service Commission,Prime Minister and Cabinet,glossary_url1,https://www.transparency.gov.au/publications/prime-minister-and-cabinet/australian-public-service-commission/australian-public-service-commission-annual-report-2023-24/appendices/appendix-b%3A-glossary-of-abbreviations-and-acronyms,OK
Australian Public Service Commission,Prime Minister and Cabinet,glossary_url2,nan,Error: Message: invalid argument
Australian Radiation Protection and Nuclear Safety Agency (ARPANSA),Health,glossary_url1,https://www.transparency.gov.au/publications/health/australian-radiation-protection-and-nuclear-safety-agency-arpansa/australian-radiation-protection-and-nuclear-safety-agency-annual-report-2023-24/part-7%3A-reference-material/glossary,OK
Australian Radiation Protection and Nuclear Safety Agency (ARPANSA),Health,glossary_url2,https://www.transparency.gov.au/publications/health/australian-radiation-protection-and-nuclear-safety-agency-arpansa/australian-radiation-protection-and-nuclear-safety-agency-annual-report-2023-24/part-7%3A-reference-material/abbreviations,OK
Australian Rail Track Corporation Limited,"Infrastructure, Transport, Cities and Regional Development",glossary_url1,nan,Error: Message: invalid argument
Australian Rail Track Corporation Limited,"Infrastructure, Transport, Cities and Regional Development",glossary_url2,nan,Error: Message: invalid argument
Australian Reinsurance Pool Corporation,Treasury,glossary_url1,https://www.transparency.gov.au/publications/treasury/australian-reinsurance-pool-corporation/australian-reinsurance-pool-corporation-annual-report-2023-24/8%3A-index/glossary,OK
Australian Reinsurance Pool Corporation,Treasury,glossary_url2,https://www.transparency.gov.au/publications/treasury/australian-reinsurance-pool-corporation/australian-reinsurance-pool-corporation-annual-report-2023-24/8%3A-index/acronyms-and-abbreviations,OK
Australian Renewable Energy Agency,"Climate Change, Energy, the Environment and Water",glossary_url1,https://www.transparency.gov.au/publications/climate-change-energy-the-environment-and-water/australian-renewable-energy-agency/australian-renewable-energy-agency-annual-report-2023-24/appendix-d%3A-glossary,OK
Australian Renewable Energy Agency,"Climate Change, Energy, the Environment and Water",glossary_url2,nan,Error: Message: invalid argument
Australian Research Council,Education,glossary_url1,https://www.transparency.gov.au/publications/education/australian-research-council/australian-research-council-annual-report-2023-24/part-6%3A-reference-material/glossary,OK
Australian Research Council,Education,glossary_url2,https://www.transparency.gov.au/publications/education/australian-research-council/australian-research-council-annual-report-2023-24/part-6%3A-reference-material/abbreviations-and-acronyms,OK
Australian Securities and Investments Commission (ASIC),Treasury,glossary_url1,https://www.transparency.gov.au/publications/treasury/australian-securities-and-investments-commission-asic/annual-report-2023-24/glossary,OK
Australian Securities and Investments Commission (ASIC),Treasury,glossary_url2,nan,Error: Message: invalid argument
Australian Security Intelligence Organisation,Home Affairs,glossary_url1,https://www.transparency.gov.au/publications/home-affairs/australian-security-intelligence-organisation/asio-annual-report-2023-24/preliminaries/glossary,OK
Australian Security Intelligence Organisation,Home Affairs,glossary_url2,https://www.transparency.gov.au/publications/home-affairs/australian-security-intelligence-organisation/asio-annual-report-2023-24/preliminaries/abbreviations-and-short-forms,OK
Australian Signals Directorate,Defence,glossary_url1,https://www.transparency.gov.au/publications/defence/australian-signals-directorate/australian-signals-directorate-annual-report-2023-24/glossary-of-abbreviations-and-acronyms,OK
Australian Signals Directorate,Defence,glossary_url2,nan,Error: Message: invalid argument
Australian Skills Quality Authority (National Vocational Education and Training Regulator),"Education, Skills and Employment",glossary_url1,https://www.transparency.gov.au/publications/education-skills-and-employment/australian-skills-quality-authority-national-vocational-education-and-training-regulator/australian-skills-quality-authority-national-vocational-education-and-training-regulator-annual-report-2023-24/chapter-5.-appendices/glossary,OK
Australian Skills Quality Authority (National Vocational Education and Training Regulator),"Education, Skills and Employment",glossary_url2,https://www.transparency.gov.au/publications/education-skills-and-employment/australian-skills-quality-authority-national-vocational-education-and-training-regulator/australian-skills-quality-authority-national-vocational-education-and-training-regulator-annual-report-2023-24/chapter-5.-appendices/acronyms-and-abbreviations,OK
Australian Sports Commission (Australian Institute of Sport),Health,glossary_url1,nan,Error: Message: invalid argument
Australian Sports Commission (Australian Institute of Sport),Health,glossary_url2,nan,Error: Message: invalid argument
Australian Sports Foundation Limited,Health,glossary_url1,nan,Error: Message: invalid argument
Australian Sports Foundation Limited,Health,glossary_url2,nan,Error: Message: invalid argument
Australian Strategic Policy Institute Ltd,Defence,glossary_url1,https://www.transparency.gov.au/publications/defence/australian-strategic-policy-institute-ltd/australian-strategic-policy-institute-annual-report-2023-24/annexes/annex-l%3A-acronyms-and-abbreviations,OK
Australian Strategic Policy Institute Ltd,Defence,glossary_url2,nan,Error: Message: invalid argument
Australian Submarine Agency,Defence,glossary_url1,https://www.transparency.gov.au/publications/defence/australian-submarine-agency/australian-submarine-agency-annual-report-2023-24/chapter-5%3A-appendices/appendix-f%3A-glossary-of-abbreviations-and-acronyms,OK
Australian Submarine Agency,Defence,glossary_url2,nan,Error: Message: invalid argument
Australian Taxation Office,Treasury,glossary_url1,https://www.transparency.gov.au/publications/treasury/australian-taxation-office/australian-taxation-office-annual-report-2023-24/reference-material/glossary,OK
Australian Taxation Office,Treasury,glossary_url2,https://www.transparency.gov.au/publications/treasury/australian-taxation-office/australian-taxation-office-annual-report-2023-24/reference-material/abbreviations,OK
Australian Trade and Investment Commission (Austrade),Foreign Affairs and Trade,glossary_url1,https://www.transparency.gov.au/publications/foreign-affairs-and-trade/australian-trade-and-investment-commission-austrade/australian-trade-and-investment-commission-annual-report-2023-24/abbreviations-and-acronyms,OK
Australian Trade and Investment Commission (Austrade),Foreign Affairs and Trade,glossary_url2,nan,Error: Message: invalid argument
Australian Transaction Reports and Analysis Centre (AUSTRAC),Attorney-General's,glossary_url1,https://www.transparency.gov.au/publications/attorney-general-s/australian-transaction-reports-and-analysis-centre-austrac/australian-transaction-reports-and-analysis-centre-annual-report-2023-24/glossary,OK
Australian Transaction Reports and Analysis Centre (AUSTRAC),Attorney-General's,glossary_url2,nan,Error: Message: invalid argument
Australian Transport Safety Bureau (ATSB),"Infrastructure, Transport, Cities and Regional Development",glossary_url1,https://www.transparency.gov.au/publications/infrastructure-transport-cities-and-regional-development/australian-transport-safety-bureau-atsb/australian-transport-safety-bureau-atsb-annual-report-2023-24/appendices/appendix-v%3A-glossary,OK
Australian Transport Safety Bureau (ATSB),"Infrastructure, Transport, Cities and Regional Development",glossary_url2,nan,Error: Message: invalid argument
Australian War Memorial,Veterans' Affairs,glossary_url1,nan,Error: Message: invalid argument
Australian War Memorial,Veterans' Affairs,glossary_url2,nan,Error: Message: invalid argument
Bundanon Trust,Communications and the Arts,glossary_url1,nan,Error: Message: invalid argument
Bundanon Trust,Communications and the Arts,glossary_url2,nan,Error: Message: invalid argument
Bureau of Meteorology,"Agriculture, Water and the Environment",glossary_url1,https://www.transparency.gov.au/publications/agriculture-water-and-the-environment/bureau-of-meteorology/annual-report-2023-24/section-6---appendices/glossary,OK
Bureau of Meteorology,"Agriculture, Water and the Environment",glossary_url2,nan,Error: Message: invalid argument
Cancer Australia,Health,glossary_url1,https://www.transparency.gov.au/publications/health/cancer-australia/annual-report-2023-24/glossary,OK
Cancer Australia,Health,glossary_url2,https://www.transparency.gov.au/publications/health/cancer-australia/annual-report-2023-24/abbreviations,OK
Central Land Council,Prime Minister and Cabinet,glossary_url1,https://www.transparency.gov.au/publications/prime-minister-and-cabinet/central-land-council/central-land-council-annual-report-2023-24/glossary,OK
Central Land Council,Prime Minister and Cabinet,glossary_url2,nan,Error: Message: invalid argument
Civil Aviation Safety Authority,"Infrastructure, Transport, Cities and Regional Development",glossary_url1,https://www.transparency.gov.au/publications/infrastructure-transport-cities-and-regional-development/civil-aviation-safety-authority/civil-aviation-safety-authority-annual-report-2023-24/abbreviations-list,OK
Civil Aviation Safety Authority,"Infrastructure, Transport, Cities and Regional Development",glossary_url2,nan,Error: Message: invalid argument
Clean Energy Finance Corporation,"Climate Change, Energy, the Environment and Water",glossary_url1,https://www.transparency.gov.au/publications/climate-change-energy-the-environment-and-water/clean-energy-finance-corporation/clean-energy-finance-corporation-annual-report-2023-24/appendices/glossary,OK
Clean Energy Finance Corporation,"Climate Change, Energy, the Environment and Water",glossary_url2,https://www.transparency.gov.au/publications/climate-change-energy-the-environment-and-water/clean-energy-finance-corporation/clean-energy-finance-corporation-annual-report-2023-24/appendices/abbreviations,OK
Clean Energy Regulator,"Climate Change, Energy, the Environment and Water",glossary_url1,nan,Error: Message: invalid argument
Clean Energy Regulator,"Climate Change, Energy, the Environment and Water",glossary_url2,nan,Error: Message: invalid argument
Climate Change Authority,"Climate Change, Energy, the Environment and Water",glossary_url1,https://www.transparency.gov.au/publications/climate-change-energy-the-environment-and-water/climate-change-authority/climate-change-authority-annual-report-2023-24/glossary,OK
Climate Change Authority,"Climate Change, Energy, the Environment and Water",glossary_url2,https://www.transparency.gov.au/publications/climate-change-energy-the-environment-and-water/climate-change-authority/climate-change-authority-annual-report-2023-24/abbreviations,OK
Coal Mining Industry (Long Service Leave Funding) Corporation,Attorney-General's,glossary_url1,https://www.transparency.gov.au/publications/attorney-general-s/coal-mining-industry-long-service-leave-funding-corporation/coal-mining-industry-long-service-leave-funding-corporation-annual-report-2023-24/-part-5.-appendices/glossary-and-acronyms,OK
Coal Mining Industry (Long Service Leave Funding) Corporation,Attorney-General's,glossary_url2,nan,Error: Message: invalid argument
Comcare,Attorney-General's,glossary_url1,nan,Error: Message: invalid argument
Comcare,Attorney-General's,glossary_url2,nan,Error: Message: invalid argument
Commonwealth Grants Commission,Treasury,glossary_url1,https://www.transparency.gov.au/publications/treasury/commonwealth-grants-commission/commonwealth-grants-commission-annual-report-2023-24/reference-material/glossary-of-acronyms-and-initialisms,OK
Commonwealth Grants Commission,Treasury,glossary_url2,nan,Error: Message: invalid argument
Commonwealth Scientific and Industrial Research Organisation,"Industry, Innovation and Science",glossary_url1,https://www.transparency.gov.au/publications/industry-innovation-and-science/commonwealth-scientific-and-industrial-research-organisation/commonwealth-scientific-and-industrial-research-organisation-annual-report-2023-24/part-6%3A-appendices-and-indexes-/glossary,OK
Commonwealth Scientific and Industrial Research Organisation,"Industry, Innovation and Science",glossary_url2,https://www.transparency.gov.au/publications/industry-innovation-and-science/commonwealth-scientific-and-industrial-research-organisation/commonwealth-scientific-and-industrial-research-organisation-annual-report-2023-24/part-6%3A-appendices-and-indexes-/acronyms,OK
Commonwealth Superannuation Corporation (CSC),Finance,glossary_url1,https://www.transparency.gov.au/publications/finance/commonwealth-superannuation-corporation-csc/commonwealth-superannuation-corporation-annual-report-2023-24/10.-glossary,OK
Commonwealth Superannuation Corporation (CSC),Finance,glossary_url2,nan,Error: Message: invalid argument
Cotton Research and Development Corporation,Agriculture,glossary_url1,https://www.transparency.gov.au/publications/agriculture/cotton-research-and-development-corporation/cotton-research-and-development-corporation-annual-report-2023-24/section-6%3A-appendices/appendix-7%3A-abbreviations-list,OK
Cotton Research and Development Corporation,Agriculture,glossary_url2,nan,Error: Message: invalid argument
Creative Australia,"Infrastructure, Transport, Regional Development, Communications and the Arts",glossary_url1,nan,Error: Message: invalid argument
Creative Australia,"Infrastructure, Transport, Regional Development, Communications and the Arts",glossary_url2,nan,Error: Message: invalid argument
Defence Housing Australia,Defence,glossary_url1,https://www.transparency.gov.au/publications/defence/defence-housing-australia/defence-housing-australia-annual-report-2023-24/part-6---appendices-and-reference-information/appendix-i---acronyms-and-abbreviations,OK
Defence Housing Australia,Defence,glossary_url2,nan,Error: Message: invalid argument
"Department of Agriculture, Fisheries and Forestry","Agriculture, Fisheries and Forestry",glossary_url1,https://www.transparency.gov.au/publications/agriculture-fisheries-and-forestry/department-of-agriculture-fisheries-and-forestry/department-of-agriculture-fisheries-and-forestry-annual-report-2023-24/part-6%3A-aids-to-access/glossary,OK
"Department of Agriculture, Fisheries and Forestry","Agriculture, Fisheries and Forestry",glossary_url2,nan,Error: Message: invalid argument
"Department of Climate Change, Energy, the Environment and Water","Climate Change, Energy, the Environment and Water",glossary_url1,https://www.transparency.gov.au/publications/climate-change-energy-the-environment-and-water/department-of-climate-change-energy-the-environment-and-water/department-of-climate-change-energy-the-environment-and-water-annual-report-2023-24/part-7-%E2%80%93-aids-to-access/abbreviations-and-acronyms,OK
"Department of Climate Change, Energy, the Environment and Water","Climate Change, Energy, the Environment and Water",glossary_url2,nan,Error: Message: invalid argument
Department of Defence,Defence,glossary_url1,https://www.transparency.gov.au/publications/defence/department-of-defence/department-of-defence-annual-report-2023-24/abbreviations-and-acronyms,OK
Department of Defence,Defence,glossary_url2,nan,Error: Message: invalid argument
Department of Education [i],Education [i],glossary_url1,https://www.transparency.gov.au/publications/education-i/department-of-education-i/department-of-education-2023-24-annual-report/indexes/abbreviations-and-acronyms,OK
Department of Education [i],Education [i],glossary_url2,nan,Error: Message: invalid argument
Department of Employment and Workplace Relations,Employment and Workplace Relations,glossary_url1,https://www.transparency.gov.au/publications/employment-and-workplace-relations/department-of-employment-and-workplace-relations/DEWR-Annual-Report-2023-24/chapter-6---indexes/abbreviations-and-acronyms,OK
Department of Employment and Workplace Relations,Employment and Workplace Relations,glossary_url2,nan,Error: Message: invalid argument
Department of Finance,Finance,glossary_url1,https://www.transparency.gov.au/publications/finance/department-of-finance/department-of-finance-annual-report-2023-24/abbreviations-and-acronyms,OK
Department of Finance,Finance,glossary_url2,nan,Error: Message: invalid argument
Department of Foreign Affairs and Trade,Foreign Affairs and Trade,glossary_url1,https://www.transparency.gov.au/publications/foreign-affairs-and-trade/department-of-foreign-affairs-and-trade/department-of-foreign-affairs-and-trade-annual-report-2023-24/abbreviations-and-acronyms,OK
Department of Foreign Affairs and Trade,Foreign Affairs and Trade,glossary_url2,nan,Error: Message: invalid argument
Department of Health and Aged Care,Health and Aged Care,glossary_url1,https://www.transparency.gov.au/publications/health-and-aged-care/department-of-health-and-aged-care/department-of-health-and-aged-care-annual-report-2023-24/navigation-aids/glossary,OK
Department of Health and Aged Care,Health and Aged Care,glossary_url2,https://www.transparency.gov.au/publications/health-and-aged-care/department-of-health-and-aged-care/department-of-health-and-aged-care-annual-report-2023-24/navigation-aids/acronyms-and-abbreviations,OK
Department of Home Affairs,Home Affairs,glossary_url1,https://www.transparency.gov.au/publications/home-affairs/department-of-home-affairs/department-of-home-affairs-2023-24-annual-report/part-7%3A-reference-material/glossary,OK
Department of Home Affairs,Home Affairs,glossary_url2,https://www.transparency.gov.au/publications/home-affairs/department-of-home-affairs/department-of-home-affairs-2023-24-annual-report/part-7%3A-reference-material/abbreviations-and-acronyms,OK
"Department of Industry, Science and Resources","Industry, Science and Resources",glossary_url1,https://www.transparency.gov.au/publications/industry-science-and-resources/department-of-industry-science-and-resources/department-of-industry-science-and-resources-annual-report-2023-24/chapter-5%3A-appendices/abbreviations-and-acronyms,OK
"Department of Industry, Science and Resources","Industry, Science and Resources",glossary_url2,nan,Error: Message: invalid argument
"Department of Infrastructure, Transport, Regional Development, Communications and the Arts","Infrastructure, Transport, Regional Development, Communications and the Arts",glossary_url1,https://www.transparency.gov.au/publications/infrastructure-transport-regional-development-communications-and-the-arts/department-of-infrastructure-transport-regional-development-communications-and-the-arts/department-of-infrastructure-transport-regional-development-communications-and-the-arts-annual-report-2023-24/navigation-aids/glossary,OK
"Department of Infrastructure, Transport, Regional Development, Communications and the Arts","Infrastructure, Transport, Regional Development, Communications and the Arts",glossary_url2,https://www.transparency.gov.au/publications/infrastructure-transport-regional-development-communications-and-the-arts/department-of-infrastructure-transport-regional-development-communications-and-the-arts/department-of-infrastructure-transport-regional-development-communications-and-the-arts-annual-report-2023-24/navigation-aids/acronyms-and-abbreviations,OK
Department of Parliamentary Services,Parliamentary Departments (not a portfolio),glossary_url1,https://www.transparency.gov.au/publications/parliamentary-departments-not-a-portfolio/department-of-parliamentary-services/department-of-parliamentary-services-annual-report-2023-2024/part-9%3A-reference-material/glossary,OK
Department of Parliamentary Services,Parliamentary Departments (not a portfolio),glossary_url2,https://www.transparency.gov.au/publications/parliamentary-departments-not-a-portfolio/department-of-parliamentary-services/department-of-parliamentary-services-annual-report-2023-2024/part-9%3A-reference-material/acronyms-and-abbreviations,OK
Department of Social Services,Social Services,glossary_url1,https://www.transparency.gov.au/publications/social-services/department-of-social-services/department-of-social-services-2023-24-annual-report/part-6---appendices-and-index/appendix-g-glossary-of-abbreviations-and-acronyms,OK
Department of Social Services,Social Services,glossary_url2,nan,Error: Message: invalid argument
Department of Veterans' Affairs,Veterans' Affairs,glossary_url1,https://www.transparency.gov.au/publications/veterans-affairs/department-of-veterans-affairs/dva-annual-report-2023-24/08-aids-to-access/acronyms-and-abbreviations,OK
Department of Veterans' Affairs,Veterans' Affairs,glossary_url2,nan,Error: Message: invalid argument
Department of the House of Representatives,Parliamentary Departments (not a portfolio),glossary_url1,https://www.transparency.gov.au/publications/parliamentary-departments-not-a-portfolio/department-of-the-house-of-representatives/department-of-the-house-of-representatives-annual-report-2023-24/abbreviations-and-acronyms,OK
Department of the House of Representatives,Parliamentary Departments (not a portfolio),glossary_url2,nan,Error: Message: invalid argument
Department of the Prime Minister and Cabinet,Prime Minister and Cabinet,glossary_url1,nan,Error: Message: invalid argument
Department of the Prime Minister and Cabinet,Prime Minister and Cabinet,glossary_url2,nan,Error: Message: invalid argument
Department of the Senate,Parliamentary Departments (not a portfolio),glossary_url1,https://www.transparency.gov.au/publications/parliamentary-departments-not-a-portfolio/department-of-the-senate/department-of-the-senate-annual-report-2023-24/references/glossary-and-abbreviations-list,OK
Department of the Senate,Parliamentary Departments (not a portfolio),glossary_url2,nan,Error: Message: invalid argument
Department of the Treasury,Treasury,glossary_url1,https://www.transparency.gov.au/publications/treasury/department-treasury/treasury-annual-report-2023-24/part-5---appendices/glossary,OK
Department of the Treasury,Treasury,glossary_url2,https://www.transparency.gov.au/publications/treasury/department-treasury/treasury-annual-report-2023-24/part-5---appendices/abbreviations-and-acronyms,OK
Digital Transformation Agency,Finance,glossary_url1,https://www.transparency.gov.au/publications/finance/digital-transformation-agency/digital-transformation-agency-annual-report-2023-24/appendices/appendix-d%3A-glossary-and-abbreviations,OK
Digital Transformation Agency,Finance,glossary_url2,nan,Error: Message: invalid argument
Director of National Parks,"Agriculture, Water and the Environment",glossary_url1,nan,Error: Message: invalid argument
Director of National Parks,"Agriculture, Water and the Environment",glossary_url2,nan,Error: Message: invalid argument
"Domestic, Family and Sexual Violence Commission",Social Services,glossary_url1,https://www.transparency.gov.au/publications/social-services/domestic-family-and-sexual-violence-commission/domestic-family-and-sexual-violence-commission-annual-report-2023-24/appendix-a%3A-other-mandatory-information/appendix-b%3A-glossary-of-abbreviations-and-acronyms,OK
"Domestic, Family and Sexual Violence Commission",Social Services,glossary_url2,nan,Error: Message: invalid argument
"Export Finance and Insurance Corporation (EFIC, Export Finance Australia)",Foreign Affairs and Trade,glossary_url1,https://www.transparency.gov.au/publications/foreign-affairs-and-trade/export-finance-and-insurance-corporation-efic-export-finance-australia/export-finance-australia-annual-report-2023-2024/appendices/appendix-f%3A-abbreviations-and-acronyms,OK
"Export Finance and Insurance Corporation (EFIC, Export Finance Australia)",Foreign Affairs and Trade,glossary_url2,nan,Error: Message: invalid argument
Fair Work Commission,Attorney-General's,glossary_url1,https://www.transparency.gov.au/publications/attorney-general-s/fair-work-commission/fair-work-commission-annual-report-2023-24-access-to-justice/glossary,OK
Fair Work Commission,Attorney-General's,glossary_url2,https://www.transparency.gov.au/publications/attorney-general-s/fair-work-commission/fair-work-commission-annual-report-2023-24-access-to-justice/acronyms-and-abbreviations,OK
Federal Court of Australia,Attorney-General's,glossary_url1,https://www.transparency.gov.au/publications/attorney-general-s/federal-court-of-australia/fca-listed-entity-ar-2023-24/about-this-report/glossary,OK
Federal Court of Australia,Attorney-General's,glossary_url2,https://www.transparency.gov.au/publications/attorney-general-s/federal-court-of-australia/fca-listed-entity-ar-2023-24/about-this-report/acronyms-and-abbreviations,OK
Fisheries Research and Development Corporation,Agriculture,glossary_url1,https://www.transparency.gov.au/publications/agriculture/fisheries-research-and-development-corporation/fisheries-research-and-development-corporation-2023-24/appendices/abbreviations-and-acronyms,OK
Fisheries Research and Development Corporation,Agriculture,glossary_url2,nan,Error: Message: invalid argument
Food Standards Australia New Zealand,Health,glossary_url1,nan,Error: Message: invalid argument
Food Standards Australia New Zealand,Health,glossary_url2,nan,Error: Message: invalid argument
Future Fund Management Agency,Finance,glossary_url1,https://www.transparency.gov.au/publications/finance/future-fund-management-agency/future-fund-management-agency-annual-report-2023-24/08-references-and-index/glossary-of-abbreviations-and-acronyms,OK
Future Fund Management Agency,Finance,glossary_url2,nan,Error: Message: invalid argument
Geoscience Australia,"Industry, Innovation and Science",glossary_url1,https://www.transparency.gov.au/publications/industry-innovation-and-science/geoscience-australia/geoscience-australia-annual-report-2023-24/05-appendices/glossary-of-abbreviations-and-acronyms,OK
Geoscience Australia,"Industry, Innovation and Science",glossary_url2,nan,Error: Message: invalid argument
Grains Research and Development Corporation,Agriculture,glossary_url1,https://www.transparency.gov.au/publications/agriculture/grains-research-and-development-corporation/grains-research-and-development-corporation-annual-report-2023-24/7.-references/abbreviations-lndex,OK
Grains Research and Development Corporation,Agriculture,glossary_url2,nan,Error: Message: invalid argument
Great Barrier Reef Marine Park Authority,"Agriculture, Water and the Environment",glossary_url1,https://www.transparency.gov.au/publications/agriculture-water-and-the-environment/great-barrier-reef-marine-park-authority/great-barrier-reef-marine-park-authority-annual-report-2023-24/6.-appendices/acronyms-and-abbreviations,OK
Great Barrier Reef Marine Park Authority,"Agriculture, Water and the Environment",glossary_url2,nan,Error: Message: invalid argument
High Speed Rail Authority,"Infrastructure, Transport, Regional Development, Communications and the Arts",glossary_url1,nan,Error: Message: invalid argument
High Speed Rail Authority,"Infrastructure, Transport, Regional Development, Communications and the Arts",glossary_url2,nan,Error: Message: invalid argument
Housing Australia,Treasury,glossary_url1,https://www.transparency.gov.au/publications/treasury/housing-australia/housing-australia-annual-report-2023-24/appendix-f%3A-abbreviations-and-acronyms,OK
Housing Australia,Treasury,glossary_url2,nan,Error: Message: invalid argument
IP Australia,"Industry, Innovation and Science",glossary_url1,https://www.transparency.gov.au/publications/industry-innovation-and-science/ip-australia/ip-australia-annual-report-2023-24/part-6%3A-requirements/acronym%2Fabbreviation,OK
IP Australia,"Industry, Innovation and Science",glossary_url2,nan,Error: Message: invalid argument
Independent Health and Aged Care Pricing Authority,Health and Aged Care,glossary_url1,https://www.transparency.gov.au/publications/health-and-aged-care/independent-health-and-aged-care-pricing-authority/independent-health-and-aged-care-pricing-authority-annual-report-2023-24/appendices/appendix-c-%E2%80%94-glossary,OK
Independent Health and Aged Care Pricing Authority,Health and Aged Care,glossary_url2,https://www.transparency.gov.au/publications/health-and-aged-care/independent-health-and-aged-care-pricing-authority/independent-health-and-aged-care-pricing-authority-annual-report-2023-24/appendices/appendix-b-%E2%80%94-acronyms-and-abbreviations,OK
Independent Parliamentary Expenses Authority,Finance,glossary_url1,https://www.transparency.gov.au/publications/finance/independent-parliamentary-expenses-authority/independent-parliamentary-expenses-authority-annual-report-2023-24/chapter-5.-other-mandatory-information/glossary-,OK
Independent Parliamentary Expenses Authority,Finance,glossary_url2,nan,Error: Message: invalid argument
Indigenous Business Australia,Prime Minister and Cabinet,glossary_url1,nan,Error: Message: invalid argument
Indigenous Business Australia,Prime Minister and Cabinet,glossary_url2,nan,Error: Message: invalid argument
Indigenous Land and Sea Corporation,Prime Minister and Cabinet,glossary_url1,https://www.transparency.gov.au/publications/prime-minister-and-cabinet/indigenous-land-and-sea-corporation/indigenous-land-and-sea-corporation-annual-report-2023-24/part-seven%3A-guide-to-access/acronyms%2C-abbreviations-and-terminology,OK
Indigenous Land and Sea Corporation,Prime Minister and Cabinet,glossary_url2,nan,Error: Message: invalid argument
Infrastructure Australia,"Infrastructure, Transport, Cities and Regional Development",glossary_url1,nan,Error: Message: invalid argument
Infrastructure Australia,"Infrastructure, Transport, Cities and Regional Development",glossary_url2,nan,Error: Message: invalid argument
Inspector-General of Taxation,Treasury,glossary_url1,https://www.transparency.gov.au/publications/treasury/inspector-general-of-taxation/inspector-general-of-taxation-annual-report-2023-24/part-7-%E2%80%93-reference-materials/glossary,OK
Inspector-General of Taxation,Treasury,glossary_url2,nan,Error: Message: invalid argument
Murray-Darling Basin Authority,Agriculture,glossary_url1,https://www.transparency.gov.au/publications/agriculture/murray-darling-basin-authority/murray-darling-basin-authority-annual-report-2023-24/appendices/glossary,OK
Murray-Darling Basin Authority,Agriculture,glossary_url2,https://www.transparency.gov.au/publications/agriculture/murray-darling-basin-authority/murray-darling-basin-authority-annual-report-2023-24/appendices/abbreviations,OK
NBN Co Limited,Communications and the Arts,glossary_url1,nan,Error: Message: invalid argument
NBN Co Limited,Communications and the Arts,glossary_url2,nan,Error: Message: invalid argument
NDIS Quality and Safeguards Commission,Social Services,glossary_url1,https://www.transparency.gov.au/publications/social-services/ndis-quality-and-safeguards-commission/ndis-quality-and-safeguards-commission-annual-report-2023-24/appendices/3.-glossary,OK
NDIS Quality and Safeguards Commission,Social Services,glossary_url2,https://www.transparency.gov.au/publications/social-services/ndis-quality-and-safeguards-commission/ndis-quality-and-safeguards-commission-annual-report-2023-24/appendices/4.-abbreviations-and-acronyms,OK
National Anti-Corruption Commission,Attorney-General's,glossary_url1,https://www.transparency.gov.au/publications/attorney-general-s/national-anti-corruption-commission/national-anti-corruption-commission-annual-report-2023-24/aides-to-access/glossary-of-data-terms,OK
National Anti-Corruption Commission,Attorney-General's,glossary_url2,https://www.transparency.gov.au/publications/attorney-general-s/national-anti-corruption-commission/national-anti-corruption-commission-annual-report-2023-24/aides-to-access/acronyms-and-abbreviations,OK
National Archives of Australia,"Infrastructure, Transport, Regional Development, Communications and the Arts",glossary_url1,https://www.transparency.gov.au/publications/infrastructure-transport-regional-development-communications-and-the-arts/national-archives-of-australia/national-archives-of-australia-annual-report-2023-24/part-6%3A-glossary-and-indexes,OK
National Archives of Australia,"Infrastructure, Transport, Regional Development, Communications and the Arts",glossary_url2,https://www.transparency.gov.au/publications/infrastructure-transport-regional-development-communications-and-the-arts/national-archives-of-australia/national-archives-of-australia-annual-report-2023-24/part-6%3A-glossary-and-indexes/abbreviations-and-acronyms,OK
National Australia Day Council Limited,Prime Minister and Cabinet,glossary_url1,nan,Error: Message: invalid argument
National Australia Day Council Limited,Prime Minister and Cabinet,glossary_url2,nan,Error: Message: invalid argument
National Blood Authority,Health,glossary_url1,https://www.transparency.gov.au/publications/health/national-blood-authority/national-blood-authority-annual-report-2023-24/part-five%3A-appendixes/appendix-7.-acronyms-and-abbreviations,OK
National Blood Authority,Health,glossary_url2,nan,Error: Message: invalid argument
National Capital Authority,"Infrastructure, Transport, Cities and Regional Development",glossary_url1,https://www.transparency.gov.au/publications/infrastructure-transport-cities-and-regional-development/national-capital-authority/national-capital-authority-annual-report-2023-24/glossary-of-abbreviations%2C-acronyms-and-terms,OK
National Capital Authority,"Infrastructure, Transport, Cities and Regional Development",glossary_url2,nan,Error: Message: invalid argument
National Competition Council,Treasury,glossary_url1,https://www.transparency.gov.au/publications/treasury/national-competition-council/national-competition-council-annual-report-2023-24/glossary,OK
National Competition Council,Treasury,glossary_url2,nan,Error: Message: invalid argument
National Disability Insurance Agency,Social Services,glossary_url1,https://www.transparency.gov.au/publications/social-services/national-disability-insurance-agency/national-disability-insurance-agency-annual-report-2023-24/6.-appendices/6.15.2-acronyms,OK
National Disability Insurance Agency,Social Services,glossary_url2,nan,Error: Message: invalid argument
National Emergency Management Agency,Home Affairs,glossary_url1,https://www.transparency.gov.au/publications/home-affairs/national-emergency-management-agency/national-emergency-management-agency-annual-report-2023-24/appendix-2%3A-acronyms-and-abbreviations,OK
National Emergency Management Agency,Home Affairs,glossary_url2,https://www.transparency.gov.au/publications/home-affairs/national-emergency-management-agency/national-emergency-management-agency-annual-report-2023-24/appendix-2%3A-acronyms-and-abbreviations/acronyms-and-abbreviations,Not Found
National Film and Sound Archive of Australia,Communications and the Arts,glossary_url1,https://www.transparency.gov.au/publications/communications-and-the-arts/national-film-and-sound-archive-of-australia/national-film-and-sound-archive-annual-report-2023-24/section-four%3A-appendices/abbreviations,OK
National Film and Sound Archive of Australia,Communications and the Arts,glossary_url2,nan,Error: Message: invalid argument
National Gallery of Australia,Communications and the Arts,glossary_url1,https://www.transparency.gov.au/publications/communications-and-the-arts/national-gallery-of-australia/national-gallery-of-australia-annual-report-2023-24/part-6%3A-appendices/abbreviations-and-acronyms,OK
National Gallery of Australia,Communications and the Arts,glossary_url2,nan,Error: Message: invalid argument
National Health Funding Body (NHFB),Health,glossary_url1,https://www.transparency.gov.au/publications/health/national-health-funding-body-nhfb/national-health-funding-body-annual-report-2023-24/part-5%3A-reference-information/glossary,OK
National Health Funding Body (NHFB),Health,glossary_url2,https://www.transparency.gov.au/publications/health/national-health-funding-body-nhfb/national-health-funding-body-annual-report-2023-24/part-5%3A-reference-information/abbreviations-and-acronyms,OK
National Health and Medical Research Council (NHMRC),Health,glossary_url1,https://www.transparency.gov.au/publications/health/national-health-and-medical-research-council-nhmrc/annual-report-2023-24/appendices/appendix-4%3A-abbreviations-and-acronyms,OK
National Health and Medical Research Council (NHMRC),Health,glossary_url2,nan,Error: Message: invalid argument
National Indigenous Australians Agency,Prime Minister and Cabinet,glossary_url1,https://www.transparency.gov.au/publications/prime-minister-and-cabinet/national-indigenous-australians-agency/national-indigenous-australians-agency-annual-report-2023-24/section-6---glossary-and-indexes,OK
National Indigenous Australians Agency,Prime Minister and Cabinet,glossary_url2,https://www.transparency.gov.au/publications/prime-minister-and-cabinet/national-indigenous-australians-agency/national-indigenous-australians-agency-annual-report-2023-24/section-6---glossary-and-indexes/abbreviations,OK
National Intermodal Corporation Limited,"Infrastructure, Transport, Regional Development, Communications and the Arts",glossary_url1,https://www.transparency.gov.au/publications/infrastructure-transport-regional-development-communications-and-the-arts/national-intermodal-corporation-limited/national-intermodal-annual-report-2024/6.-reporting-index/glossary-and-abbreviations,OK
National Intermodal Corporation Limited,"Infrastructure, Transport, Regional Development, Communications and the Arts",glossary_url2,nan,Error: Message: invalid argument
National Library of Australia,Communications and the Arts,glossary_url1,https://www.transparency.gov.au/publications/communications-and-the-arts/national-library-of-australia/national-library-of-australia-annual-report-2023-24/glossary-and-indices,OK
National Library of Australia,Communications and the Arts,glossary_url2,https://www.transparency.gov.au/publications/communications-and-the-arts/national-library-of-australia/national-library-of-australia-annual-report-2023-24/glossary-and-indices/compliance-index,OK
National Mental Health Commission,Health,glossary_url1,https://www.transparency.gov.au/publications/health/national-mental-health-commission/national-mental-health-commission-annual-report-2023-24/navigation-aids/glossary,OK
National Mental Health Commission,Health,glossary_url2,https://www.transparency.gov.au/publications/health/national-mental-health-commission/national-mental-health-commission-annual-report-2023-24/navigation-aids/acronyms,OK
National Museum of Australia,Communications and the Arts,glossary_url1,nan,Error: Message: invalid argument
National Museum of Australia,Communications and the Arts,glossary_url2,nan,Error: Message: invalid argument
National Offshore Petroleum Safety and Environmental Management Authority (NOPSEMA),"Industry, Innovation and Science",glossary_url1,https://www.transparency.gov.au/publications/industry-innovation-and-science/national-offshore-petroleum-safety-and-environmental-management-authority-nopsema/national-offshore-petroleum-safety-and-environmental-management-authority-annual-report-2023-24/part-4%3A-annual-performance-statements/glossary-of-acronyms-and-abbreviations,OK
National Offshore Petroleum Safety and Environmental Management Authority (NOPSEMA),"Industry, Innovation and Science",glossary_url2,nan,Error: Message: invalid argument
National Portrait Gallery of Australia,Communications and the Arts,glossary_url1,nan,Error: Message: invalid argument
National Portrait Gallery of Australia,Communications and the Arts,glossary_url2,nan,Error: Message: invalid argument
National Reconstruction Fund Corporation,"Industry, Science and Resources",glossary_url1,nan,Error: Message: invalid argument
National Reconstruction Fund Corporation,"Industry, Science and Resources",glossary_url2,nan,Error: Message: invalid argument
National Transport Commission,"Infrastructure, Transport, Cities and Regional Development",glossary_url1,https://www.transparency.gov.au/publications/infrastructure-transport-cities-and-regional-development/national-transport-commission/national-transport-commission-annual-report-2023-24/appendices/appendix-e%3A-glossary-and-acronyms,OK
National Transport Commission,"Infrastructure, Transport, Cities and Regional Development",glossary_url2,nan,Error: Message: invalid argument
Northern Australia Infrastructure Facility,"Industry, Innovation and Science",glossary_url1,https://www.transparency.gov.au/publications/industry-innovation-and-science/northern-australia-infrastructure-facility/northern-australia-infrastructure-facility-annual-report-2023-2024/abbreviations-and-acronyms,OK
Northern Australia Infrastructure Facility,"Industry, Innovation and Science",glossary_url2,nan,Error: Message: invalid argument
Northern Land Council,Prime Minister and Cabinet,glossary_url1,https://www.transparency.gov.au/publications/prime-minister-and-cabinet/northern-land-council/northern-land-council-annual-report-2023-24/part-5---appendices/glossary,OK
Northern Land Council,Prime Minister and Cabinet,glossary_url2,nan,Error: Message: invalid argument
Northern Territory Aboriginal Investment Corporation,Prime Minister and Cabinet,glossary_url1,nan,Error: Message: invalid argument
Northern Territory Aboriginal Investment Corporation,Prime Minister and Cabinet,glossary_url2,nan,Error: Message: invalid argument
Office of Parliamentary Counsel,Attorney-General's,glossary_url1,https://www.transparency.gov.au/publications/attorney-general-s/office-of-parliamentary-counsel/office-of-parliamentary-counsel-annual-report-2023-24/glossary,OK
Office of Parliamentary Counsel,Attorney-General's,glossary_url2,nan,Error: Message: invalid argument
Office of the Auditing and Assurance Standards Board (AUASB),Treasury,glossary_url1,https://www.transparency.gov.au/publications/treasury/office-of-the-auditing-and-assurance-standards-board-auasb/office-of-the-auditing-and-assurance-standards-board-annual-report-2023-24/abbreviations,OK
Office of the Auditing and Assurance Standards Board (AUASB),Treasury,glossary_url2,nan,Error: Message: invalid argument
Office of the Australian Accounting Standards Board (AASB),Treasury,glossary_url1,https://www.transparency.gov.au/publications/treasury/office-of-the-australian-accounting-standards-board-aasb/office-of-the-australian-accounting-standards-board-annual-report-2023-24/abbreviations,OK
Office of the Australian Accounting Standards Board (AASB),Treasury,glossary_url2,nan,Error: Message: invalid argument
Office of the Australian Information Commissioner,Attorney-General's,glossary_url1,nan,Error: Message: invalid argument
Office of the Australian Information Commissioner,Attorney-General's,glossary_url2,nan,Error: Message: invalid argument
Office of the Commonwealth Ombudsman,Attorney-General's,glossary_url1,https://www.transparency.gov.au/publications/attorney-general-s/office-of-the-commonwealth-ombudsman/office-of-the-commonwealth-ombudsman-annual-report-2023-24/part-8%3A-references/glossary,OK
Office of the Commonwealth Ombudsman,Attorney-General's,glossary_url2,https://www.transparency.gov.au/publications/attorney-general-s/office-of-the-commonwealth-ombudsman/office-of-the-commonwealth-ombudsman-annual-report-2023-24/part-8%3A-references/acronyms%2C-initialisms-and-abbreviations,Not Found
Office of the Director of Public Prosecutions (CDPP),Attorney-General's,glossary_url1,nan,Error: Message: invalid argument
Office of the Director of Public Prosecutions (CDPP),Attorney-General's,glossary_url2,nan,Error: Message: invalid argument
Office of the Fair Work Ombudsman,Attorney-General's,glossary_url1,https://www.transparency.gov.au/publications/attorney-general-s/office-of-the-fair-work-ombudsman/office-of-the-fair-work-ombudsman-2023-24-annual-report/part-5---reference-material/glossary,OK
Office of the Fair Work Ombudsman,Attorney-General's,glossary_url2,https://www.transparency.gov.au/publications/attorney-general-s/office-of-the-fair-work-ombudsman/office-of-the-fair-work-ombudsman-2023-24-annual-report/part-5---reference-material/abbreviations-and-acronyms,OK
Office of the Inspector-General of Aged Care,Health and Aged Care,glossary_url1,https://www.transparency.gov.au/publications/health-and-aged-care/office-of-the-inspector-general-of-aged-care/office-of-the-inspector-general-of-aged-care-annual-report-2023-24/appendix-4%3A-glossary,OK
Office of the Inspector-General of Aged Care,Health and Aged Care,glossary_url2,nan,Error: Message: invalid argument
Office of the Inspector-General of Intelligence and Security,Attorney-General's,glossary_url1,https://www.transparency.gov.au/publications/attorney-general-s/office-of-the-inspector-general-of-intelligence-and-security/office-of-the-inspector-general-of-intelligence-and-security-annual-report-2023-24/preliminaries/glossary,OK
Office of the Inspector-General of Intelligence and Security,Attorney-General's,glossary_url2,nan,Error: Message: invalid argument
Office of the Official Secretary to the Governor-General,Prime Minister and Cabinet,glossary_url1,https://www.transparency.gov.au/publications/prime-minister-and-cabinet/office-of-the-official-secretary-to-the-governor-general/office-of-the-official-secretary-to-the-governor-general-annual-report-2023-24/glossary%2C-abbreviations-and-acronyms,OK
Office of the Official Secretary to the Governor-General,Prime Minister and Cabinet,glossary_url2,nan,Error: Message: invalid argument
Office of the Special Investigator,Attorney-General's,glossary_url1,https://www.transparency.gov.au/publications/attorney-general-s/office-of-the-special-investigator/office-of-the-special-investigator-annual-report-2023-24/part-7-reference-material-/glossary-of-abbreviations-and-acronyms,OK
Office of the Special Investigator,Attorney-General's,glossary_url2,nan,Error: Message: invalid argument
Old Parliament House,Communications and the Arts,glossary_url1,nan,Error: Message: invalid argument
Old Parliament House,Communications and the Arts,glossary_url2,nan,Error: Message: invalid argument
Organ and Tissue Authority (Australian Organ and Tissue Donation and Transplantation Authority),Health,glossary_url1,https://www.transparency.gov.au/publications/health/organ-and-tissue-authority-australian-organ-and-tissue-donation-and-transplantation-authority/australian-organ-and-tissue-donation-and-transplantation-authority-annual-report-2023-24/part-5-%2F-appendices/appendix-5%3A-glossary,OK
Organ and Tissue Authority (Australian Organ and Tissue Donation and Transplantation Authority),Health,glossary_url2,https://www.transparency.gov.au/publications/health/organ-and-tissue-authority-australian-organ-and-tissue-donation-and-transplantation-authority/australian-organ-and-tissue-donation-and-transplantation-authority-annual-report-2023-24/part-5-%2F-appendices/appendix-4%3A-abbreviations,OK
Outback Stores Pty Ltd,Prime Minister and Cabinet,glossary_url1,nan,Error: Message: invalid argument
Outback Stores Pty Ltd,Prime Minister and Cabinet,glossary_url2,nan,Error: Message: invalid argument
Parliamentary Budget Office,Parliamentary Departments (not a portfolio),glossary_url1,https://www.transparency.gov.au/publications/parliamentary-departments-not-a-portfolio/parliamentary-budget-office/parliamentary-budget-office-annual-report-2023-24/references/glossary,OK
Parliamentary Budget Office,Parliamentary Departments (not a portfolio),glossary_url2,https://www.transparency.gov.au/publications/parliamentary-departments-not-a-portfolio/parliamentary-budget-office/parliamentary-budget-office-annual-report-2023-24/references/abbreviations-and-acronyms,OK
Parliamentary Workplace Support Service,Finance,glossary_url1,https://www.transparency.gov.au/publications/finance/parliamentary-workplace-support-service/parliamentary-workplace-support-service-annual-report-2023-24/part-5.-appendices/appendix-g--abbreviations-and-acronyms,OK
Parliamentary Workplace Support Service,Finance,glossary_url2,nan,Error: Message: invalid argument
Productivity Commission,Treasury,glossary_url1,https://www.transparency.gov.au/publications/treasury/productivity-commission/annual-report-2023-24/abbreviations,OK
Productivity Commission,Treasury,glossary_url2,nan,Error: Message: invalid argument
Professional Services Review,Health,glossary_url1,nan,Error: Message: invalid argument
Professional Services Review,Health,glossary_url2,nan,Error: Message: invalid argument
RAAF Welfare Recreational Company,Defence,glossary_url1,nan,Error: Message: invalid argument
RAAF Welfare Recreational Company,Defence,glossary_url2,nan,Error: Message: invalid argument
Regional Investment Corporation,Agriculture,glossary_url1,nan,Error: Message: invalid argument
Regional Investment Corporation,Agriculture,glossary_url2,nan,Error: Message: invalid argument
Reserve Bank of Australia,Treasury,glossary_url1,https://www.transparency.gov.au/publications/treasury/reserve-bank-of-australia/reserve-bank-of-australia-annual-report-2023-24/part-5%3A-indexes/5.5-abbreviations,OK
Reserve Bank of Australia,Treasury,glossary_url2,nan,Error: Message: invalid argument
Royal Australian Air Force Veterans' Residences Trust Fund,Defence,glossary_url1,nan,Error: Message: invalid argument
Royal Australian Air Force Veterans' Residences Trust Fund,Defence,glossary_url2,nan,Error: Message: invalid argument
Royal Australian Air Force Welfare Trust Fund,Defence,glossary_url1,nan,Error: Message: invalid argument
Royal Australian Air Force Welfare Trust Fund,Defence,glossary_url2,nan,Error: Message: invalid argument
Royal Australian Mint,Treasury,glossary_url1,https://www.transparency.gov.au/publications/treasury/royal-australian-mint/annual-report-royal-australian-mint-2023-2024/09-indices/glossary,OK
Royal Australian Mint,Treasury,glossary_url2,https://www.transparency.gov.au/publications/treasury/royal-australian-mint/annual-report-royal-australian-mint-2023-2024/09-indices/abbreviations-and-acronyms,OK
Royal Australian Navy Relief Trust Fund,Defence,glossary_url1,nan,Error: Message: invalid argument
Royal Australian Navy Relief Trust Fund,Defence,glossary_url2,nan,Error: Message: invalid argument
Rural Industries Research and Development Corporation,Agriculture,glossary_url1,https://www.transparency.gov.au/publications/agriculture/rural-industries-research-and-development-corporation/agrifutures-australia-annual-report-2023-2024/appendices/appendix-4%3A-glossary,OK
Rural Industries Research and Development Corporation,Agriculture,glossary_url2,nan,Error: Message: invalid argument
Safe Work Australia,Attorney-General's,glossary_url1,https://www.transparency.gov.au/publications/attorney-general-s/safe-work-australia/safe-work-australia-annual-report-2023-24/part-8-%E2%80%93-references/glossary-of-terms,OK
Safe Work Australia,Attorney-General's,glossary_url2,https://www.transparency.gov.au/publications/attorney-general-s/safe-work-australia/safe-work-australia-annual-report-2023-24/part-8-%E2%80%93-references/acronyms-and-abbreviations,OK
Screen Australia,Communications and the Arts,glossary_url1,nan,Error: Message: invalid argument
Screen Australia,Communications and the Arts,glossary_url2,nan,Error: Message: invalid argument
"Seafarers Safety, Rehabilitation and Compensation Authority (Seacare Authority)",Attorney-General's,glossary_url1,https://www.transparency.gov.au/publications/attorney-general-s/seafarers-safety-rehabilitation-and-compensation-authority-seacare-authority/seafarers-safety-rehabilitation-and-compensation-authority-annual-report-2023-24/glossary/glossary,OK
"Seafarers Safety, Rehabilitation and Compensation Authority (Seacare Authority)",Attorney-General's,glossary_url2,nan,Error: Message: invalid argument
Services Australia,Services Australia,glossary_url1,https://www.transparency.gov.au/publications/services-australia/services-australia/services-australia-annual-report-2023-24/part-11%3A-appendices/appendix-e---glossary-of-abbreviations-and-acronyms,OK
Services Australia,Services Australia,glossary_url2,nan,Error: Message: invalid argument
Snowy Hydro Limited,"Climate Change, Energy, the Environment and Water",glossary_url1,nan,Error: Message: invalid argument
Snowy Hydro Limited,"Climate Change, Energy, the Environment and Water",glossary_url2,nan,Error: Message: invalid argument
Special Broadcasting Service Corporation,Communications and the Arts,glossary_url1,nan,Error: Message: invalid argument
Special Broadcasting Service Corporation,Communications and the Arts,glossary_url2,nan,Error: Message: invalid argument
Sport Integrity Australia,Health,glossary_url1,https://www.transparency.gov.au/publications/health/sport-integrity-australia/sport-integrity-australia-annual-report-2023-24/navigation-aids/glossary,OK
Sport Integrity Australia,Health,glossary_url2,https://www.transparency.gov.au/publications/health/sport-integrity-australia/sport-integrity-australia-annual-report-2023-24/navigation-aids/acronyms-and-abbreviations,OK
Sydney Harbour Federation Trust,"Agriculture, Water and the Environment",glossary_url1,https://www.transparency.gov.au/publications/agriculture-water-and-the-environment/sydney-harbour-federation-trust/sydney-harbour-federation-trust-annual-report-2023-24/abbreviations-and-acronyms,OK
Sydney Harbour Federation Trust,"Agriculture, Water and the Environment",glossary_url2,nan,Error: Message: invalid argument
Tertiary Education Quality and Standards Agency,Education,glossary_url1,https://www.transparency.gov.au/publications/education/tertiary-education-quality-and-standards-agency/tertiary-education-quality-and-standards-agency-annual-report-2023-24/part-5%3A-appendices/glossary-of-abbreviations%2C-acronyms-and-definitions,OK
Tertiary Education Quality and Standards Agency,Education,glossary_url2,nan,Error: Message: invalid argument
Tiwi Land Council,Prime Minister and Cabinet,glossary_url1,https://www.transparency.gov.au/publications/prime-minister-and-cabinet/tiwi-land-council/annual-report-2023-2024/part-5%3A-appendices/glossary-,OK
Tiwi Land Council,Prime Minister and Cabinet,glossary_url2,nan,Error: Message: invalid argument
Torres Strait Regional Authority,Prime Minister and Cabinet,glossary_url1,https://www.transparency.gov.au/publications/prime-minister-and-cabinet/torres-strait-regional-authority/torres-strait-regional-authority-annual-report-2023-24/part-5%3A-abbreviations-and-requirements/list-of-abbreviations,OK
Torres Strait Regional Authority,Prime Minister and Cabinet,glossary_url2,nan,Error: Message: invalid argument
Tourism Australia,Foreign Affairs and Trade,glossary_url1,https://www.transparency.gov.au/publications/foreign-affairs-and-trade/tourism-australia/tourism-australia-annual-report-2023-24/7.-appendix/7.4-glossary,OK
Tourism Australia,Foreign Affairs and Trade,glossary_url2,https://www.transparency.gov.au/publications/foreign-affairs-and-trade/tourism-australia/tourism-australia-annual-report-2023-24/7.-appendix/7.5-abbreviations-and-acronyms,OK
WSA Co Ltd,"Infrastructure, Transport, Cities and Regional Development",glossary_url1,https://www.transparency.gov.au/publications/infrastructure-transport-cities-and-regional-development/wsa-co-ltd/wsa-co-limited-annual-report-2023-24/12.-glossary-and-abbreviations,OK
WSA Co Ltd,"Infrastructure, Transport, Cities and Regional Development",glossary_url2,https://www.transparency.gov.au/publications/infrastructure-transport-cities-and-regional-development/wsa-co-ltd/wsa-co-limited-annual-report-2023-24/12.-glossary-and-abbreviations,OK
Wine Australia,Agriculture,glossary_url1,https://www.transparency.gov.au/publications/agriculture/wine-australia/wine-australia-annual-report-2023-24/appendices/appendix-ii%3A-glossary,OK
Wine Australia,Agriculture,glossary_url2,nan,Error: Message: invalid argument
Workplace Gender Equality Agency,Prime Minister and Cabinet,glossary_url1,https://www.transparency.gov.au/publications/prime-minister-and-cabinet/workplace-gender-equality-agency/workplace-gender-equality-agency-annual-report-2023-24/overview/glossary-and-acronyms,OK
Workplace Gender Equality Agency,Prime Minister and Cabinet,glossary_url2,nan,Error: Message: invalid argument
Wreck Bay Aboriginal Community Council,Prime Minister and Cabinet,glossary_url1,nan,Error: Message: invalid argument
Wreck Bay Aboriginal Community Council,Prime Minister and Cabinet,glossary_url2,nan,Error: Message: invalid argument
