Agency,Portfolio,Glossary Type,Num Terms,Methods,Glossary URLs
ASC Pty Ltd,Finance,one,100,paragraph,https://www.transparency.gov.au/publications/finance/asc-pty-ltd/annual-report-2024/glossary
Administrative Appeals Tribunal,Attorney-General's,one,60,table,https://www.transparency.gov.au/publications/attorney-general-s/administrative-appeals-tribunal/administrative-appeals-tribunal-annual-report-2023-24/glossary
Aged Care Quality and Safety Commission,Health,one,31,paragraph,https://www.transparency.gov.au/publications/health/aged-care-quality-and-safety-commission/aged-care-quality-and-safety-commission-annual-report-2023-2024/glossary-
Airservices Australia,"Infrastructure, Transport, Cities and Regional Development",one,102,table,https://www.transparency.gov.au/publications/infrastructure-transport-cities-and-regional-development/airservices-australia/airservices-australia-annual-report-2023-24/appendices/appendix-d%3A-acronyms
Anindilyakwa Land Council,Prime Minister and Cabinet,one,18,table,https://www.transparency.gov.au/publications/prime-minister-and-cabinet/anindilyakwa-land-council/anindilyakwa-land-council-annual-report-2023-24/part-1%3A-introduction-to-this-report/1.02-acronyms
Army and Air Force Canteen Service,Defence,one,26,table,https://www.transparency.gov.au/publications/defence/army-and-air-force-canteen-service/aafcans-army-air-force-canteen-service/appendix-4%3A-terms-and-abbreviations-
Asbestos and Silica Safety and Eradication Agency,Employment and Workplace Relations,one,40,table,https://www.transparency.gov.au/publications/employment-and-workplace-relations/asbestos-and-silica-safety-and-eradication-agency/asbestos-and-silica-safety-and-eradication-agency-annual-report-2023-24/section-6---reference-and-index/6.1-glossary-of-abbreviations-and-acronyms
Attorney-General's Department,Attorney-General's,one,31,paragraph,https://www.transparency.gov.au/publications/attorney-general-s/attorney-generals-department/attorney-general-s-department-annual-report-2023-24/glossary-of-abbreviations-and-acronyms
Australian Broadcasting Corporation,Communications and the Arts,one,14,paragraph,https://www.transparency.gov.au/publications/communications-and-the-arts/australian-broadcasting-corporation/australian-broadcasting-corporation-annual-report-2023-24/abbreviations-list
Australian Bureau of Statistics,Treasury,both,94,table,https://www.transparency.gov.au/publications/treasury/australian-bureau-of-statistics/australian-bureau-of-statistics-annual-report-2023-24/reference-material/glossary | https://www.transparency.gov.au/publications/treasury/australian-bureau-of-statistics/australian-bureau-of-statistics-annual-report-2023-24/reference-material/abbreviations-and-acronyms
Australian Centre for International Agricultural Research (ACIAR),Foreign Affairs and Trade,one,30,paragraph,https://www.transparency.gov.au/publications/foreign-affairs-and-trade/australian-centre-for-international-agricultural-research-aciar/australian-centre-for-international-agricultural-research-annual-report-2023-24/part-6-reference-material/abbreviations-and-acronyms
Australian Communications and Media Authority (ACMA),Communications and the Arts,one,44,table,https://www.transparency.gov.au/publications/communications-and-the-arts/australian-communications-and-media-authority-acma/australian-communications-and-media-authority-and-esafety-commissioner-annual-report-2023-24/glossary
Australian Competition and Consumer Commission (ACCC),Treasury,one,107,paragraph,https://www.transparency.gov.au/publications/treasury/australian-competition-and-consumer-commission-accc/accc-and-aer-annual-report-2023-24/part-6---appendixes/glossary-and-abbreviations
Australian Criminal Intelligence Commission,Attorney-General's,both,31,table,https://www.transparency.gov.au/publications/attorney-general-s/australian-criminal-intelligence-commission/australian-criminal-intelligence-commission-annual-report-2023-24/section-5%3A-appendices-and-references/glossary | https://www.transparency.gov.au/publications/attorney-general-s/australian-criminal-intelligence-commission/australian-criminal-intelligence-commission-annual-report-2023-24/section-5%3A-appendices-and-references/list-of-abbreviations
Australian Electoral Commission,Finance,both,128,table,https://www.transparency.gov.au/publications/finance/australian-electoral-commission/australian-electoral-commission-annual-report-2023-24/08---reader-guides-/glossary | https://www.transparency.gov.au/publications/finance/australian-electoral-commission/australian-electoral-commission-annual-report-2023-24/08---reader-guides-/abbreviations-and-acronyms
Australian Federal Police,Attorney-General's,one,67,table,https://www.transparency.gov.au/publications/attorney-general-s/australian-federal-police/australian-federal-police-annual-report-2023-24/reference-material/abbreviations-and-acronyms
Australian Financial Security Authority,Attorney-General's,one,55,table,https://www.transparency.gov.au/publications/attorney-general-s/australian-financial-security-authority/australian-financial-security-authority-annual-report-2023-24/abbreviations-and-acronyms
Australian Fisheries Management Authority,Agriculture,both,142,"paragraph,table",https://www.transparency.gov.au/publications/agriculture/australian-fisheries-management-authority/australian-fisheries-management-authority-annual-report-2023-24/references/glossary | https://www.transparency.gov.au/publications/agriculture/australian-fisheries-management-authority/australian-fisheries-management-authority-annual-report-2023-24/references/abbreviations-and-acronyms
Australian Hearing Services (Hearing Australia),Services Australia,one,22,table,https://www.transparency.gov.au/publications/services-australia/australian-hearing-services-hearing-australia/australian-hearing-services-hearing-australia-annual-report-2023-24/glossary
Australian Institute of Aboriginal and Torres Strait Islander Studies,Prime Minister and Cabinet,one,64,table,https://www.transparency.gov.au/publications/prime-minister-and-cabinet/australian-institute-of-aboriginal-and-torres-strait-islander-studies/australian-institute-of-aboriginal-and-torres-strait-islander-studies-annual-report-2023-2024/part-7.-aids-to-access/abbreviations-and-acronyms
Australian Institute of Criminology,Attorney-General's,one,11,table,https://www.transparency.gov.au/publications/attorney-general-s/australian-institute-of-criminology/annual-report-2023-24/about-this-report/acronyms
Australian Institute of Family Studies (AIFS),Social Services,one,54,table,https://www.transparency.gov.au/publications/social-services/australian-institute-of-family-studies-aifs/australian-institute-of-family-studies-annual-report-2023-24/appendices/appendix-d%3A-acronyms-and-abbreviations
Australian Institute of Health and Welfare,Health,one,54,table,https://www.transparency.gov.au/publications/health/australian-institute-of-health-and-welfare/australian-institute-of-health-and-welfare-annual-report-2023-24/user-guide---acronyms-and-abbreviations
Australian Institute of Marine Science,"Climate Change, Energy, the Environment and Water",one,55,table,https://www.transparency.gov.au/publications/climate-change-energy-the-environment-and-water/australian-institute-of-marine-science/australian-institute-of-marine-science-annual-report-2023-24/chapter-6%3A-appendices-and-indexes/index%3A-acronyms
Australian Law Reform Commission,Attorney-General's,one,25,table,https://www.transparency.gov.au/publications/attorney-general-s/australian-law-reform-commission/australian-law-reform-commission-annual-report-2023-24/glossary
Australian National Audit Office,Prime Minister and Cabinet,one,34,paragraph,https://www.transparency.gov.au/publications/prime-minister-and-cabinet/australian-national-audit-office/australian-national-audit-office-annual-report-2023-24/abbreviations-and-acronyms
Australian Nuclear Science and Technology Organisation,"Industry, Innovation and Science",one,50,table,https://www.transparency.gov.au/publications/industry-innovation-and-science/australian-nuclear-science-and-technology-organisation/australian-nuclear-science-and-technology-organisation-annual-report-2023-24/appendices-and-index/glossary
Australian Office of Financial Management (AOFM),Treasury,one,64,table,https://www.transparency.gov.au/publications/treasury/australian-office-of-financial-management-aofm/australian-office-of-financial-management-annual-report-2023-24/part-5%3A-aids-to-access/glossary-of-abbreviations
Australian Pesticides and Veterinary Medicines Authority (APVMA),Agriculture,both,0,-,https://www.transparency.gov.au/publications/agriculture/australian-pesticides-and-veterinary-medicines-authority-apvma/australian-pesticides-and-veterinary-medicines-authority-annual-report-2023-24/acronyms-and-abbreviations%2C-glossary%2C-and-list-of-requirements | https://www.transparency.gov.au/publications/agriculture/australian-pesticides-and-veterinary-medicines-authority-apvma/australian-pesticides-and-veterinary-medicines-authority-annual-report-2023-24/acronyms-and-abbreviations%2C-glossary%2C-and-list-of-requirements
Australian Prudential Regulation Authority (APRA),Treasury,one,15,table,https://www.transparency.gov.au/publications/treasury/australian-prudential-regulation-authority/australian-prudential-regulation-authority-annual-report-2023-24/glossary
Australian Public Service Commission,Prime Minister and Cabinet,one,37,table,https://www.transparency.gov.au/publications/prime-minister-and-cabinet/australian-public-service-commission/australian-public-service-commission-annual-report-2023-24/appendices/appendix-b%3A-glossary-of-abbreviations-and-acronyms
Australian Radiation Protection and Nuclear Safety Agency (ARPANSA),Health,both,98,table,https://www.transparency.gov.au/publications/health/australian-radiation-protection-and-nuclear-safety-agency-arpansa/australian-radiation-protection-and-nuclear-safety-agency-annual-report-2023-24/part-7%3A-reference-material/glossary | https://www.transparency.gov.au/publications/health/australian-radiation-protection-and-nuclear-safety-agency-arpansa/australian-radiation-protection-and-nuclear-safety-agency-annual-report-2023-24/part-7%3A-reference-material/abbreviations
Australian Reinsurance Pool Corporation,Treasury,both,46,table,https://www.transparency.gov.au/publications/treasury/australian-reinsurance-pool-corporation/australian-reinsurance-pool-corporation-annual-report-2023-24/8%3A-index/glossary | https://www.transparency.gov.au/publications/treasury/australian-reinsurance-pool-corporation/australian-reinsurance-pool-corporation-annual-report-2023-24/8%3A-index/acronyms-and-abbreviations
Australian Renewable Energy Agency,"Climate Change, Energy, the Environment and Water",one,0,-,https://www.transparency.gov.au/publications/climate-change-energy-the-environment-and-water/australian-renewable-energy-agency/australian-renewable-energy-agency-annual-report-2023-24/appendix-d%3A-glossary
Australian Research Council,Education,both,122,"paragraph,table",https://www.transparency.gov.au/publications/education/australian-research-council/australian-research-council-annual-report-2023-24/part-6%3A-reference-material/glossary | https://www.transparency.gov.au/publications/education/australian-research-council/australian-research-council-annual-report-2023-24/part-6%3A-reference-material/abbreviations-and-acronyms
Australian Securities and Investments Commission (ASIC),Treasury,one,21,table,https://www.transparency.gov.au/publications/treasury/australian-securities-and-investments-commission-asic/annual-report-2023-24/glossary
Australian Security Intelligence Organisation,Home Affairs,both,1,list,https://www.transparency.gov.au/publications/home-affairs/australian-security-intelligence-organisation/asio-annual-report-2023-24/preliminaries/glossary | https://www.transparency.gov.au/publications/home-affairs/australian-security-intelligence-organisation/asio-annual-report-2023-24/preliminaries/abbreviations-and-short-forms
Australian Signals Directorate,Defence,one,81,table,https://www.transparency.gov.au/publications/defence/australian-signals-directorate/australian-signals-directorate-annual-report-2023-24/glossary-of-abbreviations-and-acronyms
Australian Skills Quality Authority (National Vocational Education and Training Regulator),"Education, Skills and Employment",both,77,table,https://www.transparency.gov.au/publications/education-skills-and-employment/australian-skills-quality-authority-national-vocational-education-and-training-regulator/australian-skills-quality-authority-national-vocational-education-and-training-regulator-annual-report-2023-24/chapter-5.-appendices/glossary | https://www.transparency.gov.au/publications/education-skills-and-employment/australian-skills-quality-authority-national-vocational-education-and-training-regulator/australian-skills-quality-authority-national-vocational-education-and-training-regulator-annual-report-2023-24/chapter-5.-appendices/acronyms-and-abbreviations
Australian Strategic Policy Institute Ltd,Defence,one,28,table,https://www.transparency.gov.au/publications/defence/australian-strategic-policy-institute-ltd/australian-strategic-policy-institute-annual-report-2023-24/annexes/annex-l%3A-acronyms-and-abbreviations
Australian Submarine Agency,Defence,one,0,-,https://www.transparency.gov.au/publications/defence/australian-submarine-agency/australian-submarine-agency-annual-report-2023-24/chapter-5%3A-appendices/appendix-f%3A-glossary-of-abbreviations-and-acronyms
Australian Taxation Office,Treasury,both,118,table,https://www.transparency.gov.au/publications/treasury/australian-taxation-office/australian-taxation-office-annual-report-2023-24/reference-material/glossary | https://www.transparency.gov.au/publications/treasury/australian-taxation-office/australian-taxation-office-annual-report-2023-24/reference-material/abbreviations
Australian Trade and Investment Commission (Austrade),Foreign Affairs and Trade,one,51,table,https://www.transparency.gov.au/publications/foreign-affairs-and-trade/australian-trade-and-investment-commission-austrade/australian-trade-and-investment-commission-annual-report-2023-24/abbreviations-and-acronyms
Australian Transaction Reports and Analysis Centre (AUSTRAC),Attorney-General's,one,34,table,https://www.transparency.gov.au/publications/attorney-general-s/australian-transaction-reports-and-analysis-centre-austrac/australian-transaction-reports-and-analysis-centre-annual-report-2023-24/glossary
Australian Transport Safety Bureau (ATSB),"Infrastructure, Transport, Cities and Regional Development",one,70,table,https://www.transparency.gov.au/publications/infrastructure-transport-cities-and-regional-development/australian-transport-safety-bureau-atsb/australian-transport-safety-bureau-atsb-annual-report-2023-24/appendices/appendix-v%3A-glossary
Bureau of Meteorology,"Agriculture, Water and the Environment",one,149,table,https://www.transparency.gov.au/publications/agriculture-water-and-the-environment/bureau-of-meteorology/annual-report-2023-24/section-6---appendices/glossary
Cancer Australia,Health,both,68,table,https://www.transparency.gov.au/publications/health/cancer-australia/annual-report-2023-24/glossary | https://www.transparency.gov.au/publications/health/cancer-australia/annual-report-2023-24/abbreviations
Central Land Council,Prime Minister and Cabinet,one,77,table,https://www.transparency.gov.au/publications/prime-minister-and-cabinet/central-land-council/central-land-council-annual-report-2023-24/glossary
Civil Aviation Safety Authority,"Infrastructure, Transport, Cities and Regional Development",one,39,table,https://www.transparency.gov.au/publications/infrastructure-transport-cities-and-regional-development/civil-aviation-safety-authority/civil-aviation-safety-authority-annual-report-2023-24/abbreviations-list
Clean Energy Finance Corporation,"Climate Change, Energy, the Environment and Water",both,106,table,https://www.transparency.gov.au/publications/climate-change-energy-the-environment-and-water/clean-energy-finance-corporation/clean-energy-finance-corporation-annual-report-2023-24/appendices/glossary | https://www.transparency.gov.au/publications/climate-change-energy-the-environment-and-water/clean-energy-finance-corporation/clean-energy-finance-corporation-annual-report-2023-24/appendices/abbreviations
Climate Change Authority,"Climate Change, Energy, the Environment and Water",both,32,table,https://www.transparency.gov.au/publications/climate-change-energy-the-environment-and-water/climate-change-authority/climate-change-authority-annual-report-2023-24/glossary | https://www.transparency.gov.au/publications/climate-change-energy-the-environment-and-water/climate-change-authority/climate-change-authority-annual-report-2023-24/abbreviations
Coal Mining Industry (Long Service Leave Funding) Corporation,Attorney-General's,one,0,-,https://www.transparency.gov.au/publications/attorney-general-s/coal-mining-industry-long-service-leave-funding-corporation/coal-mining-industry-long-service-leave-funding-corporation-annual-report-2023-24/-part-5.-appendices/glossary-and-acronyms
Commonwealth Grants Commission,Treasury,one,24,table,https://www.transparency.gov.au/publications/treasury/commonwealth-grants-commission/commonwealth-grants-commission-annual-report-2023-24/reference-material/glossary-of-acronyms-and-initialisms
Commonwealth Scientific and Industrial Research Organisation,"Industry, Innovation and Science",both,127,"paragraph,table",https://www.transparency.gov.au/publications/industry-innovation-and-science/commonwealth-scientific-and-industrial-research-organisation/commonwealth-scientific-and-industrial-research-organisation-annual-report-2023-24/part-6%3A-appendices-and-indexes-/glossary | https://www.transparency.gov.au/publications/industry-innovation-and-science/commonwealth-scientific-and-industrial-research-organisation/commonwealth-scientific-and-industrial-research-organisation-annual-report-2023-24/part-6%3A-appendices-and-indexes-/acronyms
Commonwealth Superannuation Corporation (CSC),Finance,one,47,paragraph,https://www.transparency.gov.au/publications/finance/commonwealth-superannuation-corporation-csc/commonwealth-superannuation-corporation-annual-report-2023-24/10.-glossary
Cotton Research and Development Corporation,Agriculture,one,68,table,https://www.transparency.gov.au/publications/agriculture/cotton-research-and-development-corporation/cotton-research-and-development-corporation-annual-report-2023-24/section-6%3A-appendices/appendix-7%3A-abbreviations-list
Defence Housing Australia,Defence,one,85,table,https://www.transparency.gov.au/publications/defence/defence-housing-australia/defence-housing-australia-annual-report-2023-24/part-6---appendices-and-reference-information/appendix-i---acronyms-and-abbreviations
"Department of Agriculture, Fisheries and Forestry","Agriculture, Fisheries and Forestry",one,122,table,https://www.transparency.gov.au/publications/agriculture-fisheries-and-forestry/department-of-agriculture-fisheries-and-forestry/department-of-agriculture-fisheries-and-forestry-annual-report-2023-24/part-6%3A-aids-to-access/glossary
"Department of Climate Change, Energy, the Environment and Water","Climate Change, Energy, the Environment and Water",one,187,table,https://www.transparency.gov.au/publications/climate-change-energy-the-environment-and-water/department-of-climate-change-energy-the-environment-and-water/department-of-climate-change-energy-the-environment-and-water-annual-report-2023-24/part-7-%E2%80%93-aids-to-access/abbreviations-and-acronyms
Department of Defence,Defence,one,44,table,https://www.transparency.gov.au/publications/defence/department-of-defence/department-of-defence-annual-report-2023-24/abbreviations-and-acronyms
Department of Education [i],Education [i],one,86,table,https://www.transparency.gov.au/publications/education-i/department-of-education-i/department-of-education-2023-24-annual-report/indexes/abbreviations-and-acronyms
Department of Employment and Workplace Relations,Employment and Workplace Relations,one,82,table,https://www.transparency.gov.au/publications/employment-and-workplace-relations/department-of-employment-and-workplace-relations/DEWR-Annual-Report-2023-24/chapter-6---indexes/abbreviations-and-acronyms
Department of Finance,Finance,one,73,table,https://www.transparency.gov.au/publications/finance/department-of-finance/department-of-finance-annual-report-2023-24/abbreviations-and-acronyms
Department of Foreign Affairs and Trade,Foreign Affairs and Trade,one,65,paragraph,https://www.transparency.gov.au/publications/foreign-affairs-and-trade/department-of-foreign-affairs-and-trade/department-of-foreign-affairs-and-trade-annual-report-2023-24/abbreviations-and-acronyms
Department of Health and Aged Care,Health and Aged Care,both,139,table,https://www.transparency.gov.au/publications/health-and-aged-care/department-of-health-and-aged-care/department-of-health-and-aged-care-annual-report-2023-24/navigation-aids/glossary | https://www.transparency.gov.au/publications/health-and-aged-care/department-of-health-and-aged-care/department-of-health-and-aged-care-annual-report-2023-24/navigation-aids/acronyms-and-abbreviations
Department of Home Affairs,Home Affairs,both,178,table,https://www.transparency.gov.au/publications/home-affairs/department-of-home-affairs/department-of-home-affairs-2023-24-annual-report/part-7%3A-reference-material/glossary | https://www.transparency.gov.au/publications/home-affairs/department-of-home-affairs/department-of-home-affairs-2023-24-annual-report/part-7%3A-reference-material/abbreviations-and-acronyms
"Department of Industry, Science and Resources","Industry, Science and Resources",one,87,table,https://www.transparency.gov.au/publications/industry-science-and-resources/department-of-industry-science-and-resources/department-of-industry-science-and-resources-annual-report-2023-24/chapter-5%3A-appendices/abbreviations-and-acronyms
"Department of Infrastructure, Transport, Regional Development, Communications and the Arts","Infrastructure, Transport, Regional Development, Communications and the Arts",both,105,table,https://www.transparency.gov.au/publications/infrastructure-transport-regional-development-communications-and-the-arts/department-of-infrastructure-transport-regional-development-communications-and-the-arts/department-of-infrastructure-transport-regional-development-communications-and-the-arts-annual-report-2023-24/navigation-aids/glossary | https://www.transparency.gov.au/publications/infrastructure-transport-regional-development-communications-and-the-arts/department-of-infrastructure-transport-regional-development-communications-and-the-arts/department-of-infrastructure-transport-regional-development-communications-and-the-arts-annual-report-2023-24/navigation-aids/acronyms-and-abbreviations
Department of Parliamentary Services,Parliamentary Departments (not a portfolio),both,37,table,https://www.transparency.gov.au/publications/parliamentary-departments-not-a-portfolio/department-of-parliamentary-services/department-of-parliamentary-services-annual-report-2023-2024/part-9%3A-reference-material/glossary | https://www.transparency.gov.au/publications/parliamentary-departments-not-a-portfolio/department-of-parliamentary-services/department-of-parliamentary-services-annual-report-2023-2024/part-9%3A-reference-material/acronyms-and-abbreviations
Department of Social Services,Social Services,one,92,paragraph,https://www.transparency.gov.au/publications/social-services/department-of-social-services/department-of-social-services-2023-24-annual-report/part-6---appendices-and-index/appendix-g-glossary-of-abbreviations-and-acronyms
Department of Veterans' Affairs,Veterans' Affairs,one,41,paragraph,https://www.transparency.gov.au/publications/veterans-affairs/department-of-veterans-affairs/dva-annual-report-2023-24/08-aids-to-access/acronyms-and-abbreviations
Department of the House of Representatives,Parliamentary Departments (not a portfolio),one,50,table,https://www.transparency.gov.au/publications/parliamentary-departments-not-a-portfolio/department-of-the-house-of-representatives/department-of-the-house-of-representatives-annual-report-2023-24/abbreviations-and-acronyms
Department of the Senate,Parliamentary Departments (not a portfolio),one,23,table,https://www.transparency.gov.au/publications/parliamentary-departments-not-a-portfolio/department-of-the-senate/department-of-the-senate-annual-report-2023-24/references/glossary-and-abbreviations-list
Department of the Treasury,Treasury,both,69,table,https://www.transparency.gov.au/publications/treasury/department-treasury/treasury-annual-report-2023-24/part-5---appendices/glossary | https://www.transparency.gov.au/publications/treasury/department-treasury/treasury-annual-report-2023-24/part-5---appendices/abbreviations-and-acronyms
Digital Transformation Agency,Finance,one,34,table,https://www.transparency.gov.au/publications/finance/digital-transformation-agency/digital-transformation-agency-annual-report-2023-24/appendices/appendix-d%3A-glossary-and-abbreviations
"Domestic, Family and Sexual Violence Commission",Social Services,one,18,table,https://www.transparency.gov.au/publications/social-services/domestic-family-and-sexual-violence-commission/domestic-family-and-sexual-violence-commission-annual-report-2023-24/appendix-a%3A-other-mandatory-information/appendix-b%3A-glossary-of-abbreviations-and-acronyms
"Export Finance and Insurance Corporation (EFIC, Export Finance Australia)",Foreign Affairs and Trade,one,79,table,https://www.transparency.gov.au/publications/foreign-affairs-and-trade/export-finance-and-insurance-corporation-efic-export-finance-australia/export-finance-australia-annual-report-2023-2024/appendices/appendix-f%3A-abbreviations-and-acronyms
Fair Work Commission,Attorney-General's,both,72,table,https://www.transparency.gov.au/publications/attorney-general-s/fair-work-commission/fair-work-commission-annual-report-2023-24-access-to-justice/glossary | https://www.transparency.gov.au/publications/attorney-general-s/fair-work-commission/fair-work-commission-annual-report-2023-24-access-to-justice/acronyms-and-abbreviations
Federal Court of Australia,Attorney-General's,both,24,paragraph,https://www.transparency.gov.au/publications/attorney-general-s/federal-court-of-australia/fca-listed-entity-ar-2023-24/about-this-report/glossary | https://www.transparency.gov.au/publications/attorney-general-s/federal-court-of-australia/fca-listed-entity-ar-2023-24/about-this-report/acronyms-and-abbreviations
Fisheries Research and Development Corporation,Agriculture,one,0,-,https://www.transparency.gov.au/publications/agriculture/fisheries-research-and-development-corporation/fisheries-research-and-development-corporation-2023-24/appendices/abbreviations-and-acronyms
Future Fund Management Agency,Finance,one,0,-,https://www.transparency.gov.au/publications/finance/future-fund-management-agency/future-fund-management-agency-annual-report-2023-24/08-references-and-index/glossary-of-abbreviations-and-acronyms
Geoscience Australia,"Industry, Innovation and Science",one,20,table,https://www.transparency.gov.au/publications/industry-innovation-and-science/geoscience-australia/geoscience-australia-annual-report-2023-24/05-appendices/glossary-of-abbreviations-and-acronyms
Grains Research and Development Corporation,Agriculture,one,91,table,https://www.transparency.gov.au/publications/agriculture/grains-research-and-development-corporation/grains-research-and-development-corporation-annual-report-2023-24/7.-references/abbreviations-lndex
Great Barrier Reef Marine Park Authority,"Agriculture, Water and the Environment",one,63,paragraph,https://www.transparency.gov.au/publications/agriculture-water-and-the-environment/great-barrier-reef-marine-park-authority/great-barrier-reef-marine-park-authority-annual-report-2023-24/6.-appendices/acronyms-and-abbreviations
Housing Australia,Treasury,one,75,table,https://www.transparency.gov.au/publications/treasury/housing-australia/housing-australia-annual-report-2023-24/appendix-f%3A-abbreviations-and-acronyms
IP Australia,"Industry, Innovation and Science",one,33,table,https://www.transparency.gov.au/publications/industry-innovation-and-science/ip-australia/ip-australia-annual-report-2023-24/part-6%3A-requirements/acronym%2Fabbreviation
Independent Health and Aged Care Pricing Authority,Health and Aged Care,both,0,-,https://www.transparency.gov.au/publications/health-and-aged-care/independent-health-and-aged-care-pricing-authority/independent-health-and-aged-care-pricing-authority-annual-report-2023-24/appendices/appendix-c-%E2%80%94-glossary | https://www.transparency.gov.au/publications/health-and-aged-care/independent-health-and-aged-care-pricing-authority/independent-health-and-aged-care-pricing-authority-annual-report-2023-24/appendices/appendix-b-%E2%80%94-acronyms-and-abbreviations
Independent Parliamentary Expenses Authority,Finance,one,44,table,https://www.transparency.gov.au/publications/finance/independent-parliamentary-expenses-authority/independent-parliamentary-expenses-authority-annual-report-2023-24/chapter-5.-other-mandatory-information/glossary-
Indigenous Land and Sea Corporation,Prime Minister and Cabinet,one,21,table,https://www.transparency.gov.au/publications/prime-minister-and-cabinet/indigenous-land-and-sea-corporation/indigenous-land-and-sea-corporation-annual-report-2023-24/part-seven%3A-guide-to-access/acronyms%2C-abbreviations-and-terminology
Inspector-General of Taxation,Treasury,one,20,table,https://www.transparency.gov.au/publications/treasury/inspector-general-of-taxation/inspector-general-of-taxation-annual-report-2023-24/part-7-%E2%80%93-reference-materials/glossary
Murray-Darling Basin Authority,Agriculture,both,35,table,https://www.transparency.gov.au/publications/agriculture/murray-darling-basin-authority/murray-darling-basin-authority-annual-report-2023-24/appendices/glossary | https://www.transparency.gov.au/publications/agriculture/murray-darling-basin-authority/murray-darling-basin-authority-annual-report-2023-24/appendices/abbreviations
NDIS Quality and Safeguards Commission,Social Services,both,63,table,https://www.transparency.gov.au/publications/social-services/ndis-quality-and-safeguards-commission/ndis-quality-and-safeguards-commission-annual-report-2023-24/appendices/3.-glossary | https://www.transparency.gov.au/publications/social-services/ndis-quality-and-safeguards-commission/ndis-quality-and-safeguards-commission-annual-report-2023-24/appendices/4.-abbreviations-and-acronyms
National Anti-Corruption Commission,Attorney-General's,both,65,paragraph,https://www.transparency.gov.au/publications/attorney-general-s/national-anti-corruption-commission/national-anti-corruption-commission-annual-report-2023-24/aides-to-access/glossary-of-data-terms | https://www.transparency.gov.au/publications/attorney-general-s/national-anti-corruption-commission/national-anti-corruption-commission-annual-report-2023-24/aides-to-access/acronyms-and-abbreviations
National Archives of Australia,"Infrastructure, Transport, Regional Development, Communications and the Arts",both,53,table,https://www.transparency.gov.au/publications/infrastructure-transport-regional-development-communications-and-the-arts/national-archives-of-australia/national-archives-of-australia-annual-report-2023-24/part-6%3A-glossary-and-indexes | https://www.transparency.gov.au/publications/infrastructure-transport-regional-development-communications-and-the-arts/national-archives-of-australia/national-archives-of-australia-annual-report-2023-24/part-6%3A-glossary-and-indexes/abbreviations-and-acronyms
National Blood Authority,Health,one,55,table,https://www.transparency.gov.au/publications/health/national-blood-authority/national-blood-authority-annual-report-2023-24/part-five%3A-appendixes/appendix-7.-acronyms-and-abbreviations
National Capital Authority,"Infrastructure, Transport, Cities and Regional Development",one,48,table,https://www.transparency.gov.au/publications/infrastructure-transport-cities-and-regional-development/national-capital-authority/national-capital-authority-annual-report-2023-24/glossary-of-abbreviations%2C-acronyms-and-terms
National Competition Council,Treasury,one,29,table,https://www.transparency.gov.au/publications/treasury/national-competition-council/national-competition-council-annual-report-2023-24/glossary
National Disability Insurance Agency,Social Services,one,37,table,https://www.transparency.gov.au/publications/social-services/national-disability-insurance-agency/national-disability-insurance-agency-annual-report-2023-24/6.-appendices/6.15.2-acronyms
National Emergency Management Agency,Home Affairs,one,65,table,https://www.transparency.gov.au/publications/home-affairs/national-emergency-management-agency/national-emergency-management-agency-annual-report-2023-24/appendix-2%3A-acronyms-and-abbreviations
National Film and Sound Archive of Australia,Communications and the Arts,one,1,table,https://www.transparency.gov.au/publications/communications-and-the-arts/national-film-and-sound-archive-of-australia/national-film-and-sound-archive-annual-report-2023-24/section-four%3A-appendices/abbreviations
National Gallery of Australia,Communications and the Arts,one,0,-,https://www.transparency.gov.au/publications/communications-and-the-arts/national-gallery-of-australia/national-gallery-of-australia-annual-report-2023-24/part-6%3A-appendices/abbreviations-and-acronyms
National Health Funding Body (NHFB),Health,both,36,"paragraph,table",https://www.transparency.gov.au/publications/health/national-health-funding-body-nhfb/national-health-funding-body-annual-report-2023-24/part-5%3A-reference-information/glossary | https://www.transparency.gov.au/publications/health/national-health-funding-body-nhfb/national-health-funding-body-annual-report-2023-24/part-5%3A-reference-information/abbreviations-and-acronyms
National Health and Medical Research Council (NHMRC),Health,one,117,table,https://www.transparency.gov.au/publications/health/national-health-and-medical-research-council-nhmrc/annual-report-2023-24/appendices/appendix-4%3A-abbreviations-and-acronyms
National Indigenous Australians Agency,Prime Minister and Cabinet,both,70,table,https://www.transparency.gov.au/publications/prime-minister-and-cabinet/national-indigenous-australians-agency/national-indigenous-australians-agency-annual-report-2023-24/section-6---glossary-and-indexes | https://www.transparency.gov.au/publications/prime-minister-and-cabinet/national-indigenous-australians-agency/national-indigenous-australians-agency-annual-report-2023-24/section-6---glossary-and-indexes/abbreviations
National Intermodal Corporation Limited,"Infrastructure, Transport, Regional Development, Communications and the Arts",one,0,-,https://www.transparency.gov.au/publications/infrastructure-transport-regional-development-communications-and-the-arts/national-intermodal-corporation-limited/national-intermodal-annual-report-2024/6.-reporting-index/glossary-and-abbreviations
National Library of Australia,Communications and the Arts,one,0,-,https://www.transparency.gov.au/publications/communications-and-the-arts/national-library-of-australia/national-library-of-australia-annual-report-2023-24/glossary-and-indices
National Mental Health Commission,Health,both,69,paragraph,https://www.transparency.gov.au/publications/health/national-mental-health-commission/national-mental-health-commission-annual-report-2023-24/navigation-aids/glossary | https://www.transparency.gov.au/publications/health/national-mental-health-commission/national-mental-health-commission-annual-report-2023-24/navigation-aids/acronyms
National Offshore Petroleum Safety and Environmental Management Authority (NOPSEMA),"Industry, Innovation and Science",one,93,table,https://www.transparency.gov.au/publications/industry-innovation-and-science/national-offshore-petroleum-safety-and-environmental-management-authority-nopsema/national-offshore-petroleum-safety-and-environmental-management-authority-annual-report-2023-24/part-4%3A-annual-performance-statements/glossary-of-acronyms-and-abbreviations
National Transport Commission,"Infrastructure, Transport, Cities and Regional Development",one,39,paragraph,https://www.transparency.gov.au/publications/infrastructure-transport-cities-and-regional-development/national-transport-commission/national-transport-commission-annual-report-2023-24/appendices/appendix-e%3A-glossary-and-acronyms
Northern Australia Infrastructure Facility,"Industry, Innovation and Science",one,42,table,https://www.transparency.gov.au/publications/industry-innovation-and-science/northern-australia-infrastructure-facility/northern-australia-infrastructure-facility-annual-report-2023-2024/abbreviations-and-acronyms
Northern Land Council,Prime Minister and Cabinet,one,28,table,https://www.transparency.gov.au/publications/prime-minister-and-cabinet/northern-land-council/northern-land-council-annual-report-2023-24/part-5---appendices/glossary
Office of Parliamentary Counsel,Attorney-General's,one,38,table,https://www.transparency.gov.au/publications/attorney-general-s/office-of-parliamentary-counsel/office-of-parliamentary-counsel-annual-report-2023-24/glossary
Office of the Auditing and Assurance Standards Board (AUASB),Treasury,one,34,table,https://www.transparency.gov.au/publications/treasury/office-of-the-auditing-and-assurance-standards-board-auasb/office-of-the-auditing-and-assurance-standards-board-annual-report-2023-24/abbreviations
Office of the Australian Accounting Standards Board (AASB),Treasury,one,34,table,https://www.transparency.gov.au/publications/treasury/office-of-the-australian-accounting-standards-board-aasb/office-of-the-australian-accounting-standards-board-annual-report-2023-24/abbreviations
Office of the Commonwealth Ombudsman,Attorney-General's,both,82,table,https://www.transparency.gov.au/publications/attorney-general-s/office-of-the-commonwealth-ombudsman/office-of-the-commonwealth-ombudsman-annual-report-2023-24/part-8%3A-references/glossary | https://www.transparency.gov.au/publications/attorney-general-s/office-of-the-commonwealth-ombudsman/office-of-the-commonwealth-ombudsman-annual-report-2023-24/part-8%3A-references/acronyms%2C-initialisms-and-abbreviations
Office of the Fair Work Ombudsman,Attorney-General's,both,75,paragraph,https://www.transparency.gov.au/publications/attorney-general-s/office-of-the-fair-work-ombudsman/office-of-the-fair-work-ombudsman-2023-24-annual-report/part-5---reference-material/glossary | https://www.transparency.gov.au/publications/attorney-general-s/office-of-the-fair-work-ombudsman/office-of-the-fair-work-ombudsman-2023-24-annual-report/part-5---reference-material/abbreviations-and-acronyms
Office of the Inspector-General of Aged Care,Health and Aged Care,one,31,table,https://www.transparency.gov.au/publications/health-and-aged-care/office-of-the-inspector-general-of-aged-care/office-of-the-inspector-general-of-aged-care-annual-report-2023-24/appendix-4%3A-glossary
Office of the Inspector-General of Intelligence and Security,Attorney-General's,one,50,table,https://www.transparency.gov.au/publications/attorney-general-s/office-of-the-inspector-general-of-intelligence-and-security/office-of-the-inspector-general-of-intelligence-and-security-annual-report-2023-24/preliminaries/glossary
Office of the Official Secretary to the Governor-General,Prime Minister and Cabinet,one,60,table,https://www.transparency.gov.au/publications/prime-minister-and-cabinet/office-of-the-official-secretary-to-the-governor-general/office-of-the-official-secretary-to-the-governor-general-annual-report-2023-24/glossary%2C-abbreviations-and-acronyms
Office of the Special Investigator,Attorney-General's,one,32,table,https://www.transparency.gov.au/publications/attorney-general-s/office-of-the-special-investigator/office-of-the-special-investigator-annual-report-2023-24/part-7-reference-material-/glossary-of-abbreviations-and-acronyms
Organ and Tissue Authority (Australian Organ and Tissue Donation and Transplantation Authority),Health,both,39,table,https://www.transparency.gov.au/publications/health/organ-and-tissue-authority-australian-organ-and-tissue-donation-and-transplantation-authority/australian-organ-and-tissue-donation-and-transplantation-authority-annual-report-2023-24/part-5-%2F-appendices/appendix-5%3A-glossary | https://www.transparency.gov.au/publications/health/organ-and-tissue-authority-australian-organ-and-tissue-donation-and-transplantation-authority/australian-organ-and-tissue-donation-and-transplantation-authority-annual-report-2023-24/part-5-%2F-appendices/appendix-4%3A-abbreviations
Parliamentary Budget Office,Parliamentary Departments (not a portfolio),both,26,table,https://www.transparency.gov.au/publications/parliamentary-departments-not-a-portfolio/parliamentary-budget-office/parliamentary-budget-office-annual-report-2023-24/references/glossary | https://www.transparency.gov.au/publications/parliamentary-departments-not-a-portfolio/parliamentary-budget-office/parliamentary-budget-office-annual-report-2023-24/references/abbreviations-and-acronyms
Parliamentary Workplace Support Service,Finance,one,57,paragraph,https://www.transparency.gov.au/publications/finance/parliamentary-workplace-support-service/parliamentary-workplace-support-service-annual-report-2023-24/part-5.-appendices/appendix-g--abbreviations-and-acronyms
Productivity Commission,Treasury,one,27,table,https://www.transparency.gov.au/publications/treasury/productivity-commission/annual-report-2023-24/abbreviations
Reserve Bank of Australia,Treasury,one,158,table,https://www.transparency.gov.au/publications/treasury/reserve-bank-of-australia/reserve-bank-of-australia-annual-report-2023-24/part-5%3A-indexes/5.5-abbreviations
Royal Australian Mint,Treasury,both,65,"paragraph,table",https://www.transparency.gov.au/publications/treasury/royal-australian-mint/annual-report-royal-australian-mint-2023-2024/09-indices/glossary | https://www.transparency.gov.au/publications/treasury/royal-australian-mint/annual-report-royal-australian-mint-2023-2024/09-indices/abbreviations-and-acronyms
Rural Industries Research and Development Corporation,Agriculture,one,59,paragraph,https://www.transparency.gov.au/publications/agriculture/rural-industries-research-and-development-corporation/agrifutures-australia-annual-report-2023-2024/appendices/appendix-4%3A-glossary
Safe Work Australia,Attorney-General's,both,89,table,https://www.transparency.gov.au/publications/attorney-general-s/safe-work-australia/safe-work-australia-annual-report-2023-24/part-8-%E2%80%93-references/glossary-of-terms | https://www.transparency.gov.au/publications/attorney-general-s/safe-work-australia/safe-work-australia-annual-report-2023-24/part-8-%E2%80%93-references/acronyms-and-abbreviations
"Seafarers Safety, Rehabilitation and Compensation Authority (Seacare Authority)",Attorney-General's,one,23,table,https://www.transparency.gov.au/publications/attorney-general-s/seafarers-safety-rehabilitation-and-compensation-authority-seacare-authority/seafarers-safety-rehabilitation-and-compensation-authority-annual-report-2023-24/glossary/glossary
Services Australia,Services Australia,one,102,table,https://www.transparency.gov.au/publications/services-australia/services-australia/services-australia-annual-report-2023-24/part-11%3A-appendices/appendix-e---glossary-of-abbreviations-and-acronyms
Sport Integrity Australia,Health,both,52,table,https://www.transparency.gov.au/publications/health/sport-integrity-australia/sport-integrity-australia-annual-report-2023-24/navigation-aids/glossary | https://www.transparency.gov.au/publications/health/sport-integrity-australia/sport-integrity-australia-annual-report-2023-24/navigation-aids/acronyms-and-abbreviations
Sydney Harbour Federation Trust,"Agriculture, Water and the Environment",one,51,table,https://www.transparency.gov.au/publications/agriculture-water-and-the-environment/sydney-harbour-federation-trust/sydney-harbour-federation-trust-annual-report-2023-24/abbreviations-and-acronyms
Tertiary Education Quality and Standards Agency,Education,one,35,table,https://www.transparency.gov.au/publications/education/tertiary-education-quality-and-standards-agency/tertiary-education-quality-and-standards-agency-annual-report-2023-24/part-5%3A-appendices/glossary-of-abbreviations%2C-acronyms-and-definitions
Tiwi Land Council,Prime Minister and Cabinet,one,16,table,https://www.transparency.gov.au/publications/prime-minister-and-cabinet/tiwi-land-council/annual-report-2023-2024/part-5%3A-appendices/glossary-
Torres Strait Regional Authority,Prime Minister and Cabinet,one,39,table,https://www.transparency.gov.au/publications/prime-minister-and-cabinet/torres-strait-regional-authority/torres-strait-regional-authority-annual-report-2023-24/part-5%3A-abbreviations-and-requirements/list-of-abbreviations
Tourism Australia,Foreign Affairs and Trade,both,53,"paragraph,table",https://www.transparency.gov.au/publications/foreign-affairs-and-trade/tourism-australia/tourism-australia-annual-report-2023-24/7.-appendix/7.4-glossary | https://www.transparency.gov.au/publications/foreign-affairs-and-trade/tourism-australia/tourism-australia-annual-report-2023-24/7.-appendix/7.5-abbreviations-and-acronyms
WSA Co Ltd,"Infrastructure, Transport, Cities and Regional Development",both,0,-,https://www.transparency.gov.au/publications/infrastructure-transport-cities-and-regional-development/wsa-co-ltd/wsa-co-limited-annual-report-2023-24/12.-glossary-and-abbreviations | https://www.transparency.gov.au/publications/infrastructure-transport-cities-and-regional-development/wsa-co-ltd/wsa-co-limited-annual-report-2023-24/12.-glossary-and-abbreviations
Wine Australia,Agriculture,one,46,table,https://www.transparency.gov.au/publications/agriculture/wine-australia/wine-australia-annual-report-2023-24/appendices/appendix-ii%3A-glossary
Workplace Gender Equality Agency,Prime Minister and Cabinet,one,38,table,https://www.transparency.gov.au/publications/prime-minister-and-cabinet/workplace-gender-equality-agency/workplace-gender-equality-agency-annual-report-2023-24/overview/glossary-and-acronyms
